date,label,GDP,GDP_diff,UNRATE,CPI,CPI_diff,INDPRO,INDPRO_diff,DFF,DFF_diff,DGS10,DGS10_diff,DGS2,DGS2_diff,T10Y2Y,VIX,DTB3,DTB3_diff,NEWS_SENTIMENT,GDP_missing,GDP_diff_missing,UNRATE_missing,CPI_missing,CPI_diff_missing,INDPRO_missing,INDPRO_diff_missing,DFF_missing,DFF_diff_missing,DGS10_missing,DGS10_diff_missing,DGS2_missing,DGS2_diff_missing,T10Y2Y_missing,VIX_missing,DTB3_missing,DTB3_diff_missing,NEWS_SENTIMENT_missing
1967-10-01,0,881.439,16.206000000000017,3.9,33.86666666666667,0.3666666666666671,35.92633333333333,0.9362666666666613,4.172826086956522,0.2809782608695652,5.641803278688524,0.3948191517043975,7.06,-0.4274999999999993,0.8013636363636363,22.174603174603178,4.748032786885246,0.4510486599011196,-0.2470395460632848,0,0,0,0,0,0,0,0,0,0,0,1,1,1,1,0,0,1
1968-01-01,0,909.387,27.94799999999998,3.733333333333333,34.199999999999996,0.3333333333333286,36.439166666666665,0.512833333333333,4.792637362637363,0.6198112756808412,5.610967741935484,-0.0308355367530399,7.06,-0.4274999999999993,0.8013636363636363,22.174603174603178,5.0482258064516135,0.3001930195663673,-0.2470395460632848,0,0,0,0,0,0,0,0,0,0,0,1,1,1,1,0,0,1
1968-04-01,0,934.344,24.957000000000107,3.5666666666666664,34.53333333333333,0.3333333333333357,36.93043333333333,0.4912666666666681,5.984285714285715,1.191648351648352,5.7461290322580645,0.1351612903225802,7.06,-0.4274999999999993,0.8013636363636363,22.174603174603178,5.523225806451613,0.4749999999999996,-0.2470395460632848,0,0,0,0,0,0,0,0,0,0,0,1,1,1,1,0,0,1
1968-07-01,0,950.825,16.480999999999995,3.533333333333333,35.0,0.4666666666666685,37.21696666666667,0.2865333333333382,5.946521739130435,-0.03776397515528,5.45859375,-0.2875352822580641,7.06,-0.4274999999999993,0.8013636363636363,22.174603174603178,5.198125,-0.325100806451613,-0.2470395460632848,0,0,0,0,0,0,0,0,0,0,0,1,1,1,1,0,0,1
1968-10-01,0,968.03,17.204999999999927,3.4,35.43333333333333,0.43333333333333,37.78216666666666,0.5651999999999902,5.918152173913044,-0.0283695652173907,5.767741935483872,0.3091481854838713,7.06,-0.4274999999999993,0.8013636363636363,22.174603174603178,5.585322580645162,0.3871975806451617,-0.2470395460632848,0,0,0,0,0,0,0,0,0,0,0,1,1,1,1,0,0,1
1969-01-01,0,993.337,25.307000000000016,3.4,35.86666666666667,0.4333333333333371,38.517133333333334,0.7349666666666721,6.567444444444445,0.6492922705314008,6.170983606557377,0.4032416710735056,7.06,-0.4274999999999993,0.8013636363636363,22.174603174603178,6.093606557377049,0.508283976731887,-0.2470395460632848,0,0,0,0,0,0,0,0,0,0,0,1,1,1,1,0,0,1
1969-04-01,1,1009.02,15.682999999999993,3.4333333333333336,36.43333333333333,0.5666666666666629,38.68526666666667,0.168133333333337,8.332527472527472,1.7650830280830272,6.356984126984127,0.1860005204267496,7.06,-0.4274999999999993,0.8013636363636363,22.174603174603178,6.198412698412699,0.1048061410356497,-0.2470395460632848,0,0,0,0,0,0,0,0,0,0,0,1,1,1,1,0,0,1
1969-07-01,1,1029.956,20.93599999999992,3.5666666666666664,36.93333333333333,0.5,39.149633333333334,0.4643666666666632,8.98108695652174,0.6485594839942674,6.856825396825397,0.4998412698412702,7.06,-0.4274999999999993,0.8013636363636363,22.174603174603178,7.024126984126984,0.8257142857142856,-0.2470395460632848,0,0,0,0,0,0,0,0,0,0,0,1,1,1,1,0,0,1
1969-10-01,1,1038.147,8.191000000000031,3.5666666666666664,37.5,0.56666666666667,38.9042,-0.2454333333333309,8.941630434782608,-0.0394565217391313,7.310491803278689,0.4536664064532916,7.06,-0.4274999999999993,0.8013636363636363,22.174603174603178,7.361475409836066,0.3373484257090817,-0.2470395460632848,0,0,0,0,0,0,0,0,0,0,0,1,1,1,1,0,0,1
1970-01-01,1,1051.2,13.053000000000113,4.166666666666667,38.1,0.6000000000000014,37.9617,-0.9425000000000026,8.55888888888889,-0.3827415458937189,7.375166666666667,0.0646748633879781,7.06,-0.4274999999999993,0.8013636363636363,22.174603174603178,7.211333333333333,-0.1501420765027328,-0.2470395460632848,0,0,0,0,0,0,0,0,0,0,0,1,1,1,1,0,0,1
1970-04-01,1,1067.375,16.174999999999955,4.766666666666667,38.63333333333333,0.5333333333333314,37.75286666666667,-0.2088333333333309,7.883296703296703,-0.675592185592186,7.71,0.3348333333333331,7.06,-0.4274999999999993,0.8013636363636363,22.174603174603178,6.673230769230769,-0.5381025641025641,-0.2470395460632848,0,0,0,0,0,0,0,0,0,0,0,1,1,1,1,0,0,1
1970-07-01,1,1086.059,18.68399999999997,5.166666666666667,39.03333333333333,0.3999999999999986,37.61766666666667,-0.1351999999999975,6.711086956521739,-1.172209746774964,7.45796875,-0.2520312499999999,7.06,-0.4274999999999993,0.8013636363636363,22.174603174603178,6.33046875,-0.3427620192307694,-0.2470395460632848,0,0,0,0,0,0,0,0,0,0,0,1,1,1,1,0,0,1
1970-10-01,1,1088.608,2.548999999999978,5.833333333333333,39.6,0.56666666666667,36.80446666666666,-0.813200000000009,5.568260869565217,-1.1428260869565223,6.846065573770492,-0.6119031762295082,7.06,-0.4274999999999993,0.8013636363636363,22.174603174603178,5.34688524590164,-0.9835835040983598,-0.2470395460632848,0,0,0,0,0,0,0,0,0,0,0,1,1,1,1,0,0,1
1971-01-01,0,1135.156,46.548,5.933333333333334,39.93333333333333,0.3333333333333286,37.51403333333334,0.7095666666666745,3.8627777777777776,-1.705483091787439,5.999508196721312,-0.8465573770491801,7.06,-0.4274999999999993,0.8013636363636363,22.174603174603178,3.817868852459016,-1.5290163934426235,-0.2470395460632848,0,0,0,0,0,0,0,0,0,0,0,1,1,1,1,0,0,1
1971-04-01,0,1156.271,21.11500000000001,5.900000000000001,40.3,0.3666666666666742,37.853833333333334,0.3397999999999967,4.5672527472527475,0.7044749694749699,6.251587301587302,0.2520791048659898,7.06,-0.4274999999999993,0.8013636363636363,22.174603174603178,4.262380952380952,0.4445120999219361,-0.2470395460632848,0,0,0,0,0,0,0,0,0,0,0,1,1,1,1,0,0,1
1971-07-01,0,1177.675,21.403999999999996,6.033333333333334,40.7,0.3999999999999915,37.97056666666666,0.1167333333333289,5.475543478260869,0.9082907310081216,6.48546875,0.2338814484126983,7.06,-0.4274999999999993,0.8013636363636363,22.174603174603178,5.0078125,0.7454315476190478,-0.2470395460632848,0,0,0,0,0,0,0,0,0,0,0,1,1,1,1,0,0,1
1971-10-01,0,1190.297,12.622000000000073,5.933333333333334,41.0,0.3000000000000042,38.85066666666666,0.8800999999999988,4.747608695652174,-0.7279347826086955,5.888032786885246,-0.5974359631147541,7.06,-0.4274999999999993,0.8013636363636363,22.174603174603178,4.218196721311475,-0.7896157786885247,-0.2470395460632848,0,0,0,0,0,0,0,0,0,0,0,1,1,1,1,0,0,1
1972-01-01,0,1230.609,40.3119999999999,5.766666666666667,41.333333333333336,0.3333333333333357,40.504333333333335,1.6536666666666733,3.5490109890109887,-1.198597706641185,6.032222222222222,0.1441894353369761,7.06,-0.4274999999999993,0.8013636363636363,22.174603174603178,3.4453968253968252,-0.77279989591465,-0.2470395460632848,0,0,0,0,0,0,0,0,0,0,0,1,1,1,1,0,0,1
1972-04-01,0,1266.369,35.75999999999999,5.7,41.6,0.2666666666666657,41.275,0.7706666666666635,4.301428571428572,0.7524175824175829,6.1409375,0.1087152777777777,7.06,-0.4274999999999993,0.8013636363636363,22.174603174603178,3.7709375,0.3255406746031748,-0.2470395460632848,0,0,0,0,0,0,0,0,0,0,0,1,1,1,1,0,0,1
1972-07-01,0,1290.566,24.197000000000116,5.566666666666666,41.93333333333333,0.3333333333333286,41.798566666666666,0.5235666666666674,4.741413043478261,0.439984472049689,6.2871428571428565,0.1462053571428567,7.06,-0.4274999999999993,0.8013636363636363,22.174603174603178,4.2109523809523814,0.4400148809523814,-0.2470395460632848,0,0,0,0,0,0,0,0,0,0,0,1,1,1,1,0,0,1
1972-10-01,0,1328.904,38.337999999999965,5.366666666666667,42.36666666666667,0.4333333333333371,43.24696666666667,1.4484000000000066,5.145543478260869,0.4041304347826084,6.372833333333333,0.0856904761904768,7.06,-0.4274999999999993,0.8013636363636363,22.174603174603178,4.862833333333333,0.6518809523809512,-0.2470395460632848,0,0,0,0,0,0,0,0,0,0,0,1,1,1,1,0,0,1
1973-01-01,0,1377.49,48.58600000000001,4.933333333333334,43.03333333333333,0.6666666666666643,44.48003333333333,1.2330666666666588,6.538222222222223,1.392678743961354,6.6009677419354835,0.2281344086021501,7.06,-0.4274999999999993,0.8013636363636363,22.174603174603178,5.706774193548387,0.8439408602150547,-0.2470395460632848,0,0,0,0,0,0,0,0,0,0,0,1,1,1,1,0,0,1
1973-04-01,0,1413.887,36.396999999999935,4.933333333333334,43.93333333333334,0.9000000000000057,44.861700000000006,0.3816666666666748,7.818461538461539,1.2802393162393155,6.808095238095238,0.2071274961597549,7.06,-0.4274999999999993,0.8013636363636363,22.174603174603178,6.603650793650793,0.8968766001024058,-0.2470395460632848,0,0,0,0,0,0,0,0,0,0,0,1,1,1,1,0,0,1
1973-07-01,0,1433.838,19.951000000000025,4.8,44.8,0.8666666666666671,45.24263333333334,0.3809333333333313,10.55771739130435,2.7392558528428106,7.218730158730159,0.4106349206349202,7.06,-0.4274999999999993,0.8013636363636363,22.174603174603178,8.335079365079364,1.731428571428571,-0.2470395460632848,0,0,0,0,0,0,0,0,0,0,0,1,1,1,1,0,0,1
1973-10-01,1,1476.289,42.45100000000002,4.766666666666667,45.93333333333334,1.1333333333333329,45.941766666666666,0.6991333333333287,9.99673913043478,-0.5609782608695681,6.756333333333333,-0.4623968253968256,7.06,-0.4274999999999993,0.8013636363636363,22.174603174603178,7.497166666666667,-0.8379126984126977,-0.2470395460632848,0,0,0,0,0,0,0,0,0,0,0,1,1,1,1,0,0,1
1974-01-01,1,1491.209,14.920000000000073,5.133333333333333,47.29999999999999,1.366666666666653,45.52466666666667,-0.4170999999999978,9.333777777777778,-0.6629613526570033,7.055245901639345,0.2989125683060116,7.06,-0.4274999999999993,0.8013636363636363,22.174603174603178,7.645081967213115,0.1479153005464484,-0.2470395460632848,0,0,0,0,0,0,0,0,0,0,0,1,1,1,1,0,0,1
1974-04-01,1,1530.056,38.84699999999998,5.2,48.56666666666666,1.2666666666666728,45.55776666666667,0.0331000000000045,11.25131868131868,1.9175409035409032,7.541904761904762,0.4866588602654174,7.06,-0.4274999999999993,0.8013636363636363,22.174603174603178,8.15936507936508,0.514283112151964,-0.2470395460632848,0,0,0,0,0,0,0,0,0,0,0,1,1,1,1,0,0,1
1974-07-01,1,1560.026,29.970000000000027,5.633333333333333,49.93333333333334,1.3666666666666742,45.3984,-0.1593666666666706,12.09858695652174,0.8472682752030583,7.95984375,0.417938988095238,7.06,-0.4274999999999993,0.8013636363636363,22.174603174603178,8.19296875,0.0336036706349212,-0.2470395460632848,0,0,0,0,0,0,0,0,0,0,0,1,1,1,1,0,0,1
1974-10-01,1,1599.679,39.65300000000002,6.6000000000000005,51.46666666666667,1.5333333333333314,43.59813333333333,-1.800266666666673,9.344347826086956,-2.754239130434783,7.673770491803278,-0.2860732581967218,7.06,-0.4274999999999993,0.8013636363636363,22.174603174603178,7.358360655737705,-0.8346080942622951,-0.2470395460632848,0,0,0,0,0,0,0,0,0,0,0,1,1,1,1,0,0,1
1975-01-01,1,1616.116,16.436999999999898,8.266666666666666,52.56666666666666,1.0999999999999943,40.682633333333335,-2.9154999999999944,6.3053333333333335,-3.0390144927536227,7.544166666666667,-0.1296038251366118,7.06,-0.4274999999999993,0.8013636363636363,22.174603174603178,5.775,-1.583360655737705,-0.2470395460632848,0,0,0,0,0,0,0,0,0,0,0,1,1,1,1,0,0,1
1975-04-01,0,1651.853,35.73700000000008,8.866666666666667,53.2,0.6333333333333329,40.15326666666667,-0.5293666666666681,5.418461538461538,-0.8868717948717952,8.051875,0.5077083333333343,7.06,-0.4274999999999993,0.8013636363636363,22.174603174603178,5.396875,-0.3781250000000007,-0.2470395460632848,0,0,0,0,0,0,0,0,0,0,0,1,1,1,1,0,0,1
1975-07-01,0,1709.82,57.96699999999987,8.466666666666667,54.26666666666667,1.066666666666677,41.1432,0.9899333333333332,6.155869565217392,0.7374080267558538,8.2915625,0.2396874999999987,7.06,-0.4274999999999993,0.8013636363636363,22.174603174603178,6.3284375,0.9315625,-0.2470395460632848,0,0,0,0,0,0,0,0,0,0,0,1,1,1,1,0,0,1
1975-10-01,0,1761.831,52.01099999999997,8.299999999999999,55.26666666666667,1.0,42.041533333333334,0.8983333333333334,5.411195652173913,-0.7446739130434787,8.06327868852459,-0.2282838114754088,7.06,-0.4274999999999993,0.8013636363636363,22.174603174603178,5.6375409836065575,-0.6908965163934422,-0.2470395460632848,0,0,0,0,0,0,0,0,0,0,0,1,1,1,1,0,0,1
1976-01-01,0,1820.487,58.656000000000176,7.733333333333333,55.9,0.6333333333333258,43.313633333333335,1.2721000000000018,4.826483516483516,-0.5847121356903973,7.754032258064516,-0.3092464304600746,7.06,-0.4274999999999993,0.8013636363636363,22.174603174603178,4.921290322580645,-0.7162506610259127,-0.2470395460632848,0,0,0,0,0,0,0,0,0,0,0,1,1,1,1,0,0,1
1976-04-01,0,1852.332,31.845000000000027,7.566666666666666,56.4,0.5,43.87166666666667,0.5580333333333343,5.195384615384616,0.3689010989010999,7.773015873015873,0.0189836149513569,7.06,-0.4274999999999993,0.8013636363636363,22.174603174603178,5.159047619047619,0.2377572964669738,-0.2470395460632848,0,0,0,0,0,0,0,0,0,0,0,0,1,0,1,0,0,1
1976-07-01,0,1886.558,34.225999999999885,7.733333333333333,57.3,0.9000000000000057,44.468133333333334,0.5964666666666645,5.283478260869565,0.0880936454849488,7.7321875,-0.0408283730158727,6.6325,-0.4274999999999993,1.0996875,22.174603174603178,5.151875,-0.0071726190476182,-0.2470395460632848,0,0,0,0,0,0,0,0,0,0,0,0,0,0,1,0,0,1
1976-10-01,0,1934.273,47.71499999999992,7.766666666666667,58.13333333333333,0.8333333333333286,45.2757,0.8075666666666663,4.874239130434782,-0.4092391304347824,7.178196721311475,-0.553990778688525,5.710819672131148,-0.9216803278688523,1.467377049180328,22.174603174603178,4.660491803278689,-0.4913831967213111,-0.2470395460632848,0,0,0,0,0,0,0,0,0,0,0,0,0,0,1,0,0,1
1977-01-01,0,1988.648,54.375,7.5,59.2,1.0666666666666629,46.18496666666667,0.9092666666666672,4.660666666666667,-0.2135724637681155,7.356984126984127,0.1787874056726517,6.024761904761905,0.3139422326307572,1.3322222222222222,22.174603174603178,4.626507936507937,-0.0339838667707521,-0.2470395460632848,0,0,0,0,0,0,0,0,0,0,0,0,0,0,1,0,0,1
1977-04-01,0,2055.909,67.2610000000002,7.133333333333333,60.23333333333333,1.0333333333333314,47.640366666666665,1.4553999999999974,5.157472527472527,0.4968058608058605,7.366031746031746,0.0090476190476191,6.117777777777778,0.0930158730158732,1.2482539682539682,22.174603174603178,4.843650793650793,0.2171428571428562,-0.2470395460632848,0,0,0,0,0,0,0,0,0,0,0,0,0,0,1,0,0,1
1977-07-01,0,2118.473,62.56399999999985,6.8999999999999995,61.06666666666666,0.8333333333333357,48.17080000000001,0.5304333333333417,5.816413043478261,0.6589405160057336,7.358888888888889,-0.0071428571428571,6.544126984126984,0.4263492063492053,0.8147619047619047,22.174603174603178,5.504761904761905,0.6611111111111114,-0.2470395460632848,0,0,0,0,0,0,0,0,0,0,0,0,0,0,1,0,0,1
1977-10-01,0,2164.27,45.797000000000025,6.666666666666667,61.96666666666667,0.9000000000000057,48.475366666666666,0.3045666666666591,6.511304347826086,0.6948913043478253,7.597166666666666,0.2382777777777773,7.142333333333334,0.5982063492063503,0.4548333333333333,22.174603174603178,6.109333333333334,0.604571428571429,-0.2470395460632848,0,0,0,0,0,0,0,0,0,0,0,0,0,0,1,0,0,1
1978-01-01,0,2202.76,38.49000000000024,6.333333333333333,63.03333333333333,1.0666666666666629,48.32633333333333,-0.1490333333333353,6.759555555555556,0.2482512077294698,8.007704918032786,0.4105382513661197,7.541311475409835,0.3989781420765013,0.4663934426229508,22.174603174603178,6.389016393442623,0.2796830601092894,-0.2470395460632848,0,0,0,0,0,0,0,0,0,0,0,0,0,0,1,0,0,1
1978-04-01,0,2331.633,128.8729999999996,6.0,64.46666666666667,1.4333333333333371,50.2849,1.9585666666666697,7.282637362637363,0.5230818070818071,8.325555555555555,0.3178506375227687,8.004285714285714,0.4629742388758791,0.3212698412698412,22.174603174603178,6.483174603174603,0.0941582097319795,-0.2470395460632848,0,0,0,0,0,0,0,0,0,0,0,0,0,0,1,0,0,1
1978-07-01,0,2395.053,63.42000000000007,6.033333333333334,65.96666666666667,1.5,50.71953333333334,0.4346333333333376,8.094782608695652,0.8121452460582894,8.485396825396826,0.1598412698412712,8.468730158730159,0.4644444444444442,0.0166666666666666,22.174603174603178,7.299047619047618,0.8158730158730156,-0.2470395460632848,0,0,0,0,0,0,0,0,0,0,0,0,0,0,1,0,0,1
1978-10-01,0,2476.949,81.89600000000019,5.8999999999999995,67.5,1.5333333333333314,51.60543333333334,0.8858999999999995,9.577826086956522,1.4830434782608697,8.815081967213116,0.3296851418162898,9.32344262295082,0.8547124642206612,-0.5083606557377048,22.174603174603178,8.560819672131148,1.2617720530835292,-0.2470395460632848,0,0,0,0,0,0,0,0,0,0,0,0,0,0,1,0,0,1
1979-01-01,0,2526.61,49.66100000000006,5.866666666666667,69.2,1.7000000000000028,51.8492,0.2437666666666587,10.073222222222222,0.4953961352657003,9.105483870967742,0.2904019037546259,9.793387096774191,0.4699444738233733,-0.6879032258064516,22.174603174603178,9.38774193548387,0.8269222633527225,-0.2470395460632848,0,0,0,0,0,0,0,0,0,0,0,0,0,0,1,0,0,1
1979-04-01,1,2591.247,64.63699999999972,5.7,71.39999999999999,2.1999999999999886,51.7338,-0.1153999999999939,10.181978021978022,0.1087557997557997,9.115,0.0095161290322582,9.591290322580644,-0.2020967741935493,-0.4762903225806452,22.174603174603178,9.374354838709678,-0.013387096774192,-0.2470395460632848,0,0,0,0,0,0,0,0,0,0,0,0,0,0,1,0,0,1
1979-07-01,1,2667.565,76.31800000000021,5.866666666666667,73.7,2.3000000000000114,51.57926666666666,-0.1545333333333403,10.940108695652174,0.7581306736741524,9.095079365079366,-0.0199206349206342,9.531904761904762,-0.0593855606758815,-0.4368253968253968,22.174603174603178,9.65095238095238,0.2765975422427029,-0.2470395460632848,0,0,0,0,0,0,0,0,0,0,0,0,0,0,1,0,0,1
1979-10-01,1,2723.883,56.31799999999976,5.966666666666666,76.03333333333335,2.333333333333343,51.79143333333334,0.2121666666666755,13.580217391304348,2.6401086956521738,10.437868852459015,1.342789487379651,11.556393442622952,2.024488680718189,-1.1185245901639345,22.174603174603178,11.839344262295082,2.1883918813427012,-0.2470395460632848,0,0,0,0,0,0,0,0,0,0,0,0,0,0,1,0,0,1
1980-01-01,1,2789.842,65.95900000000029,6.3,79.03333333333333,2.999999999999986,52.00663333333333,0.2151999999999958,15.065274725274726,1.485057333970378,11.955806451612904,1.5179375991538857,13.233709677419355,1.677316234796404,-1.2779032258064518,22.174603174603178,13.345967741935484,1.5066234796404032,-0.2470395460632848,0,0,0,0,0,0,0,0,0,0,0,0,0,0,1,0,0,0
1980-04-01,1,2797.352,7.5099999999997635,7.333333333333333,81.7,2.6666666666666714,49.7923,-2.214333333333329,12.6689010989011,-2.3963736263736255,10.477619047619047,-1.4781874039938536,10.226666666666668,-3.007043010752689,0.250952380952381,22.174603174603178,9.618253968253969,-3.7277137736815167,-0.5856670802352072,0,0,0,0,0,0,0,0,0,0,0,0,0,0,1,0,0,0
1980-07-01,0,2856.483,59.13100000000031,7.666666666666667,83.23333333333333,1.5333333333333314,48.97366666666667,-0.818633333333338,9.823152173913044,-2.8457489249880563,10.94171875,0.4640997023809508,10.35625,0.1295833333333327,0.58546875,22.174603174603178,9.13546875,-0.4827852182539693,-0.2858386145352007,0,0,0,0,0,0,0,0,0,0,0,0,0,0,1,0,0,0
1980-10-01,0,2985.557,129.0739999999996,7.4,85.56666666666666,2.3333333333333286,50.86423333333334,1.890566666666672,15.852826086956522,6.029673913043478,12.405573770491804,1.4638550204918044,13.2027868852459,2.846536885245902,-0.7972131147540984,22.174603174603178,13.604918032786886,4.469449282786886,-0.0850842836095479,0,0,0,0,0,0,0,0,0,0,0,0,0,0,1,0,0,0
1981-01-01,0,3124.206,138.64900000000034,7.433333333333334,87.93333333333334,2.3666666666666742,50.9827,0.1184666666666629,16.595555555555556,0.742729468599034,12.95065573770492,0.5450819672131146,13.56655737704918,0.3637704918032778,-0.6159016393442623,22.174603174603178,14.352950819672133,0.7480327868852452,-0.0087568538661192,0,0,0,0,0,0,0,0,0,0,0,0,0,0,1,0,0,0
1981-04-01,1,3162.532,38.32600000000002,7.4,89.76666666666667,1.8333333333333288,51.139199999999995,0.1564999999999941,17.786923076923078,1.1913675213675212,13.74047619047619,0.7898204527712718,14.68968253968254,1.123125162633361,-0.9492063492063492,22.174603174603178,14.885396825396825,0.5324460057246938,0.0337984770898461,0,0,0,0,0,0,0,0,0,0,0,0,0,0,1,0,0,0
1981-07-01,1,3260.609,98.07699999999976,7.4,92.26666666666668,2.5,51.62113333333334,0.4819333333333446,17.594347826086956,-0.1925752508361213,14.8384375,1.097961309523809,16.0215625,1.3318799603174618,-1.183125,22.174603174603178,15.05078125,0.1653844246031752,0.0141686611244475,0,0,0,0,0,0,0,0,0,0,0,0,0,0,1,0,0,0
1981-10-01,1,3280.818,20.209000000000287,8.233333333333334,93.76666666666668,1.5,50.45393333333334,-1.1672000000000011,13.588369565217391,-4.005978260869563,14.116721311475407,-0.7217161885245904,13.945245901639344,-2.0763165983606573,0.1714754098360656,22.174603174603178,11.777868852459015,-3.272912397540983,-0.1526957821181934,0,0,0,0,0,0,0,0,0,0,0,0,0,0,1,0,0,0
1982-01-01,1,3274.302,-6.516000000000076,8.833333333333334,94.6,0.8333333333333428,49.42146666666667,-1.0324666666666715,14.207444444444445,0.6190748792270515,14.268032786885248,0.1513114754098374,14.502459016393445,0.5572131147540986,-0.2344262295081967,22.174603174603178,12.78327868852459,1.0054098360655723,-0.1862507380545139,0,0,0,0,0,0,0,0,0,0,0,0,0,0,1,0,0,0
1982-04-01,1,3331.972,57.67000000000007,9.433333333333334,95.96666666666664,1.3666666666666458,48.8149,-0.6065666666666658,14.514175824175824,0.3067313797313797,13.942063492063491,-0.3259692948217534,14.159206349206348,-0.3432526671870946,-0.2171428571428571,22.174603174603178,12.425079365079364,-0.3581993234452252,-0.2298190154872098,0,0,0,0,0,0,0,0,0,0,0,0,0,0,1,0,0,0
1982-07-01,0,3366.322,34.34999999999991,9.9,97.63333333333333,1.6666666666666714,48.127199999999995,-0.6877000000000066,11.012717391304347,-3.501458432871477,13.1125,-0.8295634920634924,12.62984375,-1.529362599206349,0.48265625,22.174603174603178,9.30640625,-3.118673115079364,-0.2178897466510534,0,0,0,0,0,0,0,0,0,0,0,0,0,0,1,0,0,0
1982-10-01,0,3402.561,36.23900000000003,10.666666666666666,97.93333333333334,0.3000000000000113,47.22286666666667,-0.9043333333333266,9.28391304347826,-1.7288043478260864,10.66344262295082,-2.449057377049181,9.876065573770491,-2.753778176229506,0.7873770491803279,22.174603174603178,7.902950819672131,-1.4034554303278697,-0.1632173809668292,0,0,0,0,0,0,0,0,0,0,0,0,0,0,1,0,0,0
1983-01-01,0,3473.413,70.85199999999986,10.366666666666667,98.0,0.0666666666666628,47.75703333333333,0.534166666666664,8.657555555555556,-0.6263574879227054,10.555873015873017,-0.1075696070778047,9.54063492063492,-0.3354306531355728,1.0152380952380953,22.174603174603178,8.113650793650795,0.2106999739786639,-0.0776858560740947,0,0,0,0,0,0,0,0,0,0,0,0,0,0,1,0,0,0
1983-04-01,0,3578.848,105.43499999999996,10.133333333333333,99.13333333333333,1.1333333333333258,48.826,1.0689666666666682,8.802747252747253,0.1451916971916969,10.55,-0.005873015873016,9.756031746031748,0.2153968253968265,0.793968253968254,22.174603174603178,8.407936507936508,0.2942857142857136,-0.0213717796649162,0,0,0,0,0,0,0,0,0,0,0,0,0,0,1,0,0,0
1983-07-01,0,3689.179,110.33100000000012,9.366666666666667,100.1,0.9666666666666828,50.4923,1.6662999999999997,9.458152173913044,0.6554049211657915,11.63640625,1.0864062500000014,10.85796875,1.1019370039682528,0.7784375,22.174603174603178,9.14703125,0.7390947420634912,-0.0332121742514453,0,0,0,0,0,0,0,0,0,0,0,0,0,0,1,0,0,0
1983-10-01,0,3794.706,105.52700000000004,8.533333333333333,101.1,1.0,51.809333333333335,1.3170333333333346,9.430108695652176,-0.0280434782608693,11.689166666666669,0.0527604166666666,10.6935,-0.1644687499999992,0.9956666666666668,22.174603174603178,8.802333333333333,-0.3446979166666661,-0.1118279025180052,0,0,0,0,0,0,0,0,0,0,0,0,0,0,1,0,0,0
1984-01-01,0,3908.054,113.34799999999996,7.866666666666667,102.53333333333336,1.4333333333333371,53.34106666666667,1.5317333333333352,9.688571428571429,0.2584627329192539,11.954516129032257,0.2653494623655898,10.92467741935484,0.2311774193548395,1.0298387096774193,22.174603174603178,9.17758064516129,0.3752473118279571,-0.0396500149585695,0,0,0,0,0,0,0,0,0,0,0,0,0,0,1,0,0,0
1984-04-01,0,4009.601,101.54700000000004,7.433333333333334,103.5,0.9666666666666544,54.17133333333334,0.8302666666666667,10.554725274725277,0.8661538461538463,13.213968253968254,1.2594521249359971,12.366666666666667,1.4419892473118274,0.8473015873015873,22.174603174603178,9.80095238095238,0.6233717357910908,-0.0017239464324019,0,0,0,0,0,0,0,0,0,0,0,0,0,0,1,0,0,0
1984-07-01,0,4084.25,74.64899999999989,7.433333333333334,104.4,0.8999999999999915,54.535666666666664,0.3643333333333274,11.392282608695652,0.837557333970377,12.873174603174602,-0.3407936507936515,12.512857142857142,0.1461904761904744,0.3603174603174603,22.174603174603178,10.32,0.519047619047619,0.0066199452205736,0,0,0,0,0,0,0,0,0,0,0,0,0,0,1,0,0,0
1984-10-01,0,4148.551,64.30100000000039,7.3,105.3,0.9000000000000057,54.568733333333334,0.0330666666666701,9.2625,-2.1297826086956526,11.760655737704916,-1.112518865469685,10.838688524590165,-1.6741686182669788,0.9219672131147542,22.174603174603178,8.834426229508196,-1.4855737704918042,0.0126860110594071,0,0,0,0,0,0,0,0,0,0,0,0,0,0,1,0,0,0
1985-01-01,0,4230.168,81.61699999999928,7.233333333333333,106.26666666666668,0.9666666666666686,54.76,0.1912666666666638,8.475111111111111,-0.7873888888888878,11.5865,-0.1741557377049165,10.275,-0.5636885245901624,1.3115,22.174603174603178,8.175,-0.6594262295081954,0.0755129151822378,0,0,0,0,0,0,0,0,0,0,0,0,0,0,1,0,0,0
1985-04-01,0,4294.887,64.71900000000005,7.3,107.23333333333332,0.9666666666666686,54.790099999999995,0.0300999999999973,7.924395604395604,-0.5507155067155072,10.823492063492065,-0.7630079365079379,9.4015873015873,-0.8734126984127002,1.4219047619047618,22.174603174603178,7.468412698412698,-0.7065873015873025,0.0203009635558003,0,0,0,0,0,0,0,0,0,0,0,0,0,0,1,0,0,0
1985-07-01,0,4386.773,91.88600000000042,7.2,107.9,0.6666666666666572,54.71189999999999,-0.0782000000000024,7.900978260869565,-0.0234173435260389,10.335555555555556,-0.4879365079365083,8.896031746031747,-0.5055555555555529,1.4395238095238094,22.174603174603178,7.106031746031746,-0.3623809523809518,-0.1010016029822113,0,0,0,0,0,0,0,0,0,0,0,0,0,0,1,0,0,0
1985-10-01,0,4444.094,57.32099999999991,7.033333333333334,109.0,1.1000000000000083,55.0245,0.3126000000000033,8.104456521739131,0.2034782608695655,9.766129032258064,-0.5694265232974907,8.534516129032259,-0.3615156169994886,1.2316129032258063,22.174603174603178,7.163709677419354,0.0576779313876079,-0.0415758529536264,0,0,0,0,0,0,0,0,0,0,0,0,0,0,1,0,0,0
1986-01-01,0,4507.894,63.80000000000018,7.033333333333334,109.56666666666666,0.5666666666666629,55.355799999999995,0.3312999999999988,7.826888888888888,-0.2775676328502428,8.567,-1.199129032258064,7.777666666666667,-0.7568494623655919,0.7893333333333333,22.174603174603178,6.899666666666667,-0.2640430107526876,-0.0889079232527162,0,0,0,0,0,0,0,0,0,0,0,0,0,0,1,0,0,0
1986-04-01,0,4545.34,37.44599999999991,7.166666666666667,109.03333333333336,-0.5333333333333172,55.02146666666667,-0.3343333333333262,6.918461538461539,-0.908427350427349,7.59796875,-0.9690312500000005,6.9778125,-0.799854166666667,0.62015625,22.174603174603178,6.1371875,-0.762479166666667,0.0143692895391403,0,0,0,0,0,0,0,0,0,0,0,0,0,0,1,0,0,0
1986-07-01,0,4607.669,62.32899999999972,6.966666666666666,109.7,0.6666666666666572,55.2378,0.2163333333333312,6.20945652173913,-0.7090050167224087,7.30546875,-0.2924999999999995,6.4496875,-0.5281250000000002,0.85578125,22.174603174603178,5.5265625,-0.6106249999999998,-0.1057592502886267,0,0,0,0,0,0,0,0,0,0,0,0,0,0,1,0,0,0
1986-10-01,0,4657.627,49.95800000000054,6.833333333333333,110.46666666666664,0.7666666666666515,55.8578,0.6199999999999974,6.266739130434782,0.0572826086956519,7.264032258064516,-0.0414364919354843,6.275806451612904,-0.1738810483870958,0.988225806451613,22.174603174603178,5.35258064516129,-0.1739818548387095,0.023846447837296,0,0,0,0,0,0,0,0,0,0,0,0,0,0,1,0,0,0
1987-01-01,0,4722.156,64.52899999999954,6.599999999999999,111.8,1.3333333333333428,56.6085,0.7507000000000019,6.222555555555555,-0.0441835748792271,7.195409836065574,-0.0686224219989419,6.3511475409836065,0.0753410893707027,0.8442622950819673,22.174603174603178,5.538360655737704,0.1857800105764138,-0.000828298606858,0,0,0,0,0,0,0,0,0,0,0,0,0,0,1,0,0,0
1987-04-01,0,4806.16,84.0039999999999,6.266666666666667,113.06666666666666,1.2666666666666655,57.611,1.0024999999999975,6.6499999999999995,0.4274444444444443,8.342698412698413,1.147288576632839,7.45,1.0988524590163935,0.8926984126984128,22.174603174603178,5.654920634920635,0.1165599791829308,-0.0852223206394618,0,0,0,0,0,0,0,0,0,0,0,0,0,0,1,0,0,0
1987-07-01,0,4884.555,78.39500000000044,6.0,114.26666666666668,1.2000000000000028,58.69483333333333,1.083833333333331,6.839565217391304,0.1895652173913049,8.8696875,0.5269890873015868,7.84,0.3899999999999997,1.0296875,22.174603174603178,6.03671875,0.3817981150793654,-0.0245462116926437,0,0,0,0,0,0,0,0,0,0,0,0,0,0,1,0,0,0
1987-10-01,0,5007.994,123.4389999999994,5.833333333333333,115.33333333333331,1.0666666666666629,60.087700000000005,1.3928666666666771,6.919673913043479,0.0801086956521741,9.129032258064516,0.2593447580645165,7.99,0.1500000000000003,1.1390322580645162,22.174603174603178,5.869193548387097,-0.1675252016129036,-0.0376677678736007,0,0,0,0,0,0,0,0,0,0,0,0,0,0,1,0,0,0
1988-01-01,0,5073.372,65.37800000000061,5.7,116.23333333333332,0.9000000000000057,60.64933333333333,0.5616333333333188,6.665934065934066,-0.2537398471094123,8.410967741935485,-0.7180645161290311,7.351612903225806,-0.6383870967741938,1.0593548387096776,22.174603174603178,5.723225806451612,-0.1459677419354843,0.008830413576676,0,0,0,0,0,0,0,0,0,0,0,0,0,0,1,0,0,0
1988-04-01,0,5190.036,116.66399999999976,5.466666666666666,117.56666666666666,1.3333333333333286,61.1799,0.5305666666666795,7.154945054945055,0.489010989010989,8.912857142857142,0.501889400921657,7.877301587301587,0.5256886840757806,1.0355555555555556,22.174603174603178,6.216666666666666,0.4934408602150535,0.0422967686906334,0,0,0,0,0,0,0,0,0,0,0,0,0,0,1,0,0,0
1988-07-01,0,5282.835,92.79899999999998,5.466666666666666,119.0,1.4333333333333371,61.40656666666666,0.2266666666666594,7.983478260869566,0.8285332059245105,9.10359375,0.190736607142858,8.46515625,0.5878546626984127,0.6384375,22.174603174603178,7.01625,0.7995833333333344,0.0892237396202171,0,0,0,0,0,0,0,0,0,0,0,0,0,0,1,0,0,0
1988-10-01,0,5399.509,116.67399999999998,5.333333333333333,120.3,1.2999999999999972,61.838,0.431433333333338,8.468478260869565,0.4849999999999994,8.95704918032787,-0.1465445696721303,8.709180327868852,0.2440240778688522,0.2478688524590163,22.174603174603178,7.7308196721311475,0.7145696721311472,0.0043883049878312,0,0,0,0,0,0,0,0,0,0,0,0,0,0,1,0,0,0
1989-01-01,0,5511.253,111.74399999999967,5.2,121.66666666666669,1.3666666666666742,62.12539999999999,0.287399999999991,9.446444444444444,0.9779661835748784,9.211639344262297,0.2545901639344254,9.418360655737704,0.709180327868852,-0.2067213114754098,22.174603174603178,8.546557377049181,0.8157377049180337,0.0954123889406522,0,0,0,0,0,0,0,0,0,0,0,0,0,0,1,0,0,0
1989-04-01,0,5612.463,101.21000000000004,5.233333333333333,123.63333333333333,1.9666666666666544,61.890566666666665,-0.2348333333333272,9.725714285714286,0.2792698412698424,8.75796875,-0.4536705942622951,8.943125,-0.4752356557377037,-0.18515625,22.174603174603178,8.403125,-0.1434323770491818,0.0199674232085721,0,0,0,0,0,0,0,0,0,0,0,0,0,0,1,0,0,0
1989-07-01,0,5695.365,82.90200000000004,5.233333333333333,124.6,0.9666666666666828,61.50886666666667,-0.381699999999995,9.08358695652174,-0.6421273291925473,8.107460317460317,-0.6505084325396826,8.085873015873016,-0.8572519841269841,0.0215873015873015,22.174603174603178,7.846984126984127,-0.5561408730158721,0.0170253775999615,0,0,0,0,0,0,0,0,0,0,0,0,0,0,1,0,0,0
1989-10-01,1,5747.237,51.8720000000003,5.366666666666667,125.86666666666667,1.2666666666666655,61.74793333333333,0.239066666666659,8.61445652173913,-0.4691304347826079,7.9070967741935485,-0.2003635432667687,7.851774193548387,-0.2340988223246292,0.0553225806451612,22.174603174603178,7.651451612903226,-0.1955325140809014,0.0447093279230023,0,0,0,0,0,0,0,0,0,0,0,0,0,0,1,0,0,0
1990-01-01,1,5872.701,125.46399999999994,5.3,128.03333333333333,2.166666666666657,62.20616666666666,0.4582333333333324,8.248000000000001,-0.3664565217391295,8.423870967741935,0.5167741935483869,8.36483870967742,0.5130645161290328,0.0590322580645161,22.174603174603178,7.763548387096774,0.1120967741935485,0.0518196231892539,0,0,0,0,0,0,0,0,0,0,0,0,0,0,0,0,0,0
1990-04-01,1,5960.028,87.32700000000023,5.333333333333333,129.29999999999998,1.2666666666666515,62.6333,0.4271333333333373,8.239340659340659,-0.0086593406593422,8.674126984126984,0.2502560163850482,8.571111111111112,0.2062724014336918,0.103015873015873,18.72206349206349,7.746666666666667,-0.0168817204301072,0.0111658186530233,0,0,0,0,0,0,0,0,0,0,0,0,0,0,0,0,0,0
1990-07-01,1,6015.116,55.08799999999974,5.7,131.53333333333333,2.2333333333333485,62.87606666666667,0.2427666666666681,8.160217391304348,-0.0791232680363105,8.701269841269841,0.0271428571428575,8.09873015873016,-0.4723809523809521,0.6025396825396826,25.19555555555555,7.477142857142857,-0.2695238095238101,-0.1365430190717629,0,0,0,0,0,0,0,0,0,0,0,0,0,0,0,0,0,0
1990-10-01,1,6004.733,-10.38299999999981,6.133333333333333,133.76666666666665,2.23333333333332,61.90279999999999,-0.9732666666666744,7.743369565217392,-0.4168478260869568,8.405967741935482,-0.2953020993343589,7.606129032258064,-0.4926011264720955,0.8001612903225807,26.11328125,6.99483870967742,-0.4823041474654372,-0.2257274582010248,0,0,0,0,0,0,0,0,0,0,0,0,0,0,0,0,0,0
1991-01-01,1,6035.178,30.44499999999971,6.6000000000000005,134.76666666666668,1.0000000000000284,60.71796666666666,-1.18483333333333,6.430444444444444,-1.312925120772947,8.022833333333333,-0.3831344086021495,7.0360000000000005,-0.5701290322580634,0.9871666666666666,22.515833333333333,6.028666666666667,-0.9661720430107524,-0.2636311496297518,0,0,0,0,0,0,0,0,0,0,0,0,0,0,0,0,0,0
1991-04-01,0,6126.862,91.6840000000002,6.833333333333333,135.56666666666666,0.799999999999983,61.0384,0.3204333333333409,5.864065934065934,-0.5663785103785104,8.12546875,0.1026354166666667,6.8940625,-0.1419375,1.23140625,17.14703125,5.5603125,-0.4683541666666668,-0.0938896170208374,0,0,0,0,0,0,0,0,0,0,0,0,0,0,0,0,0,0
1991-07-01,0,6205.937,79.07499999999982,6.866666666666667,136.6,1.0333333333333314,61.89326666666667,0.8548666666666662,5.645217391304348,-0.2188485427615862,7.95,-0.1754687499999994,6.52109375,-0.37296875,1.42890625,16.63421875,5.379375,-0.1809375000000006,-0.0257359686577768,0,0,0,0,0,0,0,0,0,0,0,0,0,0,0,0,0,0
1991-10-01,0,6264.54,58.603000000000065,7.1000000000000005,137.73333333333332,1.1333333333333258,62.01926666666666,0.1259999999999905,4.818478260869566,-0.826739130434782,7.345,-0.6050000000000004,5.503709677419355,-1.0173840725806451,1.8412903225806452,17.4553125,4.549032258064517,-0.8303427419354827,-0.0909579084356032,0,0,0,0,0,0,0,0,0,0,0,0,0,0,0,0,0,0
1992-01-01,0,6363.102,98.5619999999999,7.366666666666667,138.66666666666666,0.9333333333333372,61.92676666666667,-0.0924999999999869,4.024285714285714,-0.7941925465838517,7.306935483870968,-0.0380645161290322,5.293870967741936,-0.2098387096774194,2.0130645161290324,17.564285714285713,3.898870967741935,-0.6501612903225813,0.0522137072147126,0,0,0,0,0,0,0,0,0,0,0,0,0,0,0,0,0,0
1992-04-01,0,6470.763,107.66100000000006,7.6,139.73333333333332,1.0666666666666629,63.04576666666666,1.1189999999999856,3.774065934065934,-0.2502197802197798,7.376031746031746,0.0690962621607784,5.203174603174603,-0.0906963645673322,2.172857142857143,15.616349206349208,3.67984126984127,-0.2190296979006656,0.0239519450952974,0,0,0,0,0,0,0,0,0,0,0,0,0,0,0,0,0,0
1992-07-01,0,6566.641,95.8779999999997,7.633333333333333,140.79999999999998,1.0666666666666629,63.549733333333336,0.5039666666666776,3.259239130434783,-0.5148268036311512,6.61875,-0.7572817460317456,4.15078125,-1.0523933531746037,2.46796875,13.90203125,3.08359375,-0.59624751984127,-0.010141852579735,0,0,0,0,0,0,0,0,0,0,0,0,0,0,0,0,0,0
1992-10-01,0,6680.803,114.16200000000026,7.366666666666667,142.03333333333333,1.2333333333333485,64.19746666666667,0.6477333333333348,3.034891304347826,-0.2243478260869569,6.740322580645161,0.1215725806451608,4.444677419354838,0.2938961693548387,2.295645161290323,14.76109375,3.0701612903225803,-0.0134324596774195,0.0625480888942864,0,0,0,0,0,0,0,0,0,0,0,0,0,0,0,0,0,0
1993-01-01,0,6729.459,48.65599999999995,7.133333333333333,143.0666666666667,1.03333333333336,64.7863,0.5888333333333264,3.0423333333333336,0.0074420289855074,6.258196721311475,-0.4821258593336859,4.133114754098361,-0.3115626652564778,2.1250819672131147,13.255322580645162,2.96,-0.1101612903225803,0.2259777825739648,0,0,0,0,0,0,0,0,0,0,0,0,0,0,0,0,0,0
1993-04-01,0,6808.939,79.48000000000047,7.066666666666666,144.1,1.033333333333303,64.91473333333333,0.1284333333333336,2.9972527472527473,-0.0450805860805862,5.988095238095238,-0.2701014832162371,3.9957142857142856,-0.137400468384075,1.9923809523809524,12.973174603174602,2.967619047619048,0.0076190476190478,0.1219993393745396,0,0,0,0,0,0,0,0,0,0,0,0,0,0,0,0,0,0
1993-07-01,0,6882.098,73.15899999999965,6.8,144.76666666666668,0.6666666666666856,65.16786666666667,0.2531333333333379,3.057717391304348,0.0604646440516005,5.6153125,-0.3727827380952382,3.97390625,-0.0218080357142853,1.64140625,12.1171875,3.00125,0.0336309523809523,0.1480271983081879,0,0,0,0,0,0,0,0,0,0,0,0,0,0,0,0,0,0
1993-10-01,0,7013.738,131.64000000000033,6.633333333333333,145.96666666666667,1.1999999999999886,66.18209999999999,1.0142333333333229,2.9882608695652175,-0.0694565217391303,5.615967741935484,0.0006552419354841,4.085,0.1110937499999997,1.530967741935484,12.4215625,3.0593548387096776,0.0581048387096774,0.3101351176914961,0,0,0,0,0,0,0,0,0,0,0,0,0,0,0,0,0,0
1994-01-01,0,7115.652,101.91399999999976,6.566666666666666,146.70000000000002,0.7333333333333485,66.9881,0.8060000000000116,3.209333333333334,0.2210724637681163,6.090322580645162,0.4743548387096776,4.559677419354839,0.4746774193548386,1.530645161290323,13.436190476190475,3.2564516129032257,0.1970967741935481,0.2729270910223325,0,0,0,0,0,0,0,0,0,0,0,0,0,0,0,0,0,0
1994-04-01,0,7246.931,131.27899999999954,6.2,147.53333333333333,0.8333333333333144,68.21563333333334,1.2275333333333407,3.938021978021978,0.7286886446886442,7.089516129032258,0.9991935483870966,5.8267741935483865,1.267096774193548,1.262741935483871,14.51258064516129,3.999032258064516,0.7425806451612904,0.1410818772165329,0,0,0,0,0,0,0,0,0,0,0,0,0,0,0,0,0,0
1994-07-01,0,7331.075,84.14400000000023,6.0,148.9,1.3666666666666742,69.09746666666666,0.8818333333333186,4.485434782608695,0.5474128045867168,7.32796875,0.2384526209677417,6.233125,0.4063508064516137,1.09484375,12.51625,4.48046875,0.4814364919354839,0.20950306603766,0,0,0,0,0,0,0,0,0,0,0,0,0,0,0,0,0,0
1994-10-01,0,7455.288,124.21299999999974,5.633333333333333,149.76666666666668,0.8666666666666742,70.5131,1.4156333333333322,5.167934782608696,0.682500000000001,7.837213114754098,0.5092443647540978,7.162622950819673,0.9294979508196723,0.6745901639344262,15.268730158730158,5.282295081967213,0.801826331967213,0.2101890480388765,0,0,0,0,0,0,0,0,0,0,0,0,0,0,0,0,0,0
1995-01-01,0,7522.289,67.0010000000002,5.466666666666666,150.86666666666667,1.0999999999999943,71.25923333333333,0.7461333333333329,5.802777777777778,0.6348429951690822,7.471290322580645,-0.3659227921734524,7.114516129032259,-0.0481068217874138,0.3567741935483871,11.992380952380952,5.735322580645161,0.4530274986779483,0.0903877707146522,0,0,0,0,0,0,0,0,0,0,0,0,0,0,0,0,0,0
1995-04-01,0,7580.997,58.70800000000054,5.666666666666667,152.1,1.23333333333332,71.5003,0.2410666666666685,6.019120879120879,0.2163431013431012,6.60015873015873,-0.8711315924219152,6.131746031746032,-0.9827700972862266,0.4684126984126984,12.19031746031746,5.594285714285714,-0.141036866359447,0.0220568313386168,0,0,0,0,0,0,0,0,0,0,0,0,0,0,0,0,0,0
1995-07-01,0,7683.125,102.1279999999997,5.666666666666667,152.86666666666667,0.7666666666666799,72.20383333333334,0.7035333333333398,5.797173913043479,-0.2219469660774002,6.329206349206349,-0.270952380952381,5.861587301587301,-0.2701587301587311,0.4676190476190476,12.472698412698412,5.367777777777778,-0.2265079365079358,0.1250391387147829,0,0,0,0,0,0,0,0,0,0,0,0,0,0,0,0,0,0
1995-10-01,0,7772.586,89.46100000000024,5.566666666666666,153.70000000000002,0.8333333333333428,72.79833333333333,0.5944999999999965,5.719456521739131,-0.0777173913043478,5.898548387096774,-0.4306579621095752,5.502903225806452,-0.3586840757808494,0.3954838709677419,12.89968253968254,5.261290322580645,-0.1064874551971337,0.1538767267281756,0,0,0,0,0,0,0,0,0,0,0,0,0,0,0,0,0,0
1996-01-01,0,7868.468,95.8819999999996,5.533333333333334,155.06666666666666,1.3666666666666458,73.29090000000001,0.4925666666666757,5.370989010989011,-0.3484675107501198,5.910483870967742,0.0119354838709675,5.270161290322581,-0.2327419354838706,0.6403225806451613,15.398253968253968,4.930161290322581,-0.3311290322580635,0.0644621905092927,0,0,0,0,0,0,0,0,0,0,0,0,0,0,0,0,0,0
1996-04-01,0,8032.84,164.3720000000003,5.5,156.4,1.3333333333333428,74.8777,1.5867999999999969,5.243956043956044,-0.1270329670329673,6.7140625,0.8035786290322582,6.11078125,0.8406199596774186,0.60328125,16.36825396825397,5.018125,0.0879637096774192,0.1065284918512698,0,0,0,0,0,0,0,0,0,0,0,0,0,0,0,0,0,0
1996-07-01,0,8131.408,98.5680000000002,5.266666666666667,157.29999999999998,0.8999999999999773,75.8706,0.9928999999999916,5.306195652173913,0.0622396082178688,6.7759375,0.0618750000000005,6.1759375,0.0651562500000002,0.6,16.7784375,5.09640625,0.0782812499999998,0.1582430397038874,0,0,0,0,0,0,0,0,0,0,0,0,0,0,0,0,0,0
1996-10-01,0,8259.771,128.36300000000028,5.333333333333333,158.66666666666666,1.3666666666666742,76.97046666666667,1.0998666666666708,5.280869565217392,-0.0253260869565208,6.354193548387096,-0.4217439516129042,5.803709677419355,-0.372227822580645,0.550483870967742,17.20625,4.973548387096774,-0.1228578629032259,0.2758799682816733,0,0,0,0,0,0,0,0,0,0,0,0,0,0,0,0,0,0
1997-01-01,0,8362.655,102.884,5.233333333333333,159.63333333333333,0.9666666666666686,78.4405,1.4700333333333333,5.278444444444444,-0.0024251207729477,6.566999999999999,0.2128064516129031,6.044666666666667,0.2409569892473122,0.5223333333333333,19.9165,5.0616666666666665,0.0881182795698922,0.2996008685893482,0,0,0,0,0,0,0,0,0,0,0,0,0,0,0,0,0,0
1997-04-01,0,8518.825,156.17000000000007,5.0,160.0,0.3666666666666742,79.58906666666667,1.1485666666666674,5.522197802197802,0.2437533577533575,6.6996875000000005,0.1326875000000011,6.2759375,0.2312708333333333,0.42375,19.92296875,5.04890625,-0.0127604166666666,0.2540282457248195,0,0,0,0,0,0,0,0,0,0,0,0,0,0,0,0,0,0
1997-07-01,0,8662.823,143.9979999999996,4.866666666666667,160.79999999999998,0.799999999999983,81.44913333333334,1.8600666666666683,5.534673913043478,0.0124761108456761,6.2421875,-0.4575000000000004,5.90375,-0.3721875000000008,0.3384375,22.445,5.0490625,0.0001562499999998,0.3578163811370082,0,0,0,0,0,0,0,0,0,0,0,0,0,0,0,0,0,0
1997-10-01,0,8765.907,103.08399999999892,4.666666666666667,161.66666666666666,0.8666666666666742,83.49873333333333,2.049599999999998,5.507391304347826,-0.0272826086956516,5.906290322580645,-0.3358971774193549,5.734516129032259,-0.1692338709677407,0.1717741935483871,27.092380952380953,5.089516129032258,0.0404536290322585,0.2194672841578722,0,0,0,0,0,0,0,0,0,0,0,0,0,0,0,0,0,0
1998-01-01,0,8866.48,100.57300000000032,4.633333333333333,162.0,0.3333333333333428,84.4227,0.9239666666666722,5.519333333333334,0.0119420289855076,5.590983606557377,-0.3153067160232679,5.449672131147541,-0.2848439978847175,0.141311475409836,21.324590163934424,5.050327868852459,-0.0391882601797997,0.1495088383348451,0,0,0,0,0,0,0,0,0,0,0,0,0,0,0,0,0,0
1998-04-01,0,8969.699,103.21900000000096,4.3999999999999995,162.53333333333333,0.5333333333333314,84.9798,0.5570999999999913,5.497472527472527,-0.0218608058608067,5.593015873015873,0.0020322664584959,5.558095238095238,0.108423106947697,0.0349206349206349,21.534285714285716,4.974126984126984,-0.0762008847254742,0.1072948863435598,0,0,0,0,0,0,0,0,0,0,0,0,0,0,0,0,0,0
1998-07-01,0,9121.097,151.39799999999923,4.533333333333333,163.36666666666667,0.8333333333333428,85.64956666666667,0.6697666666666748,5.531630434782609,0.0341579073100817,5.20734375,-0.3856721230158735,5.13609375,-0.4220014880952387,0.07125,29.75171875,4.82625,-0.1478769841269844,-0.0421715734119061,0,0,0,0,0,0,0,0,0,0,0,0,0,0,0,0,0,0
1998-10-01,0,9293.991,172.89400000000023,4.433333333333334,164.13333333333333,0.7666666666666515,86.87849999999999,1.228933333333316,4.86054347826087,-0.671086956521739,4.661935483870968,-0.5454082661290318,4.376290322580645,-0.7598034274193548,0.2856451612903226,29.5371875,4.252741935483871,-0.5735080645161288,-0.0204224531189538,0,0,0,0,0,0,0,0,0,0,0,0,0,0,0,0,0,0
1999-01-01,0,9411.682,117.69100000000071,4.3,164.73333333333332,0.5999999999999943,87.9162,1.0377000000000152,4.734555555555556,-0.1259879227053142,5.000819672131148,0.3388841882601801,4.861639344262295,0.4853490216816505,0.1391803278688524,27.252786885245904,4.407213114754098,0.1544711792702271,0.1815470733990271,0,0,0,0,0,0,0,0,0,0,0,0,0,0,0,0,0,0
1999-04-01,0,9526.21,114.52799999999844,4.266666666666667,165.96666666666667,1.2333333333333485,88.77896666666668,0.8627666666666727,4.747692307692308,0.0131367521367522,5.54125,0.5404303278688518,5.28421875,0.4225794057377046,0.25703125,24.395555555555557,4.45015625,0.0429431352459017,0.1575680582241697,0,0,0,0,0,0,0,0,0,0,0,0,0,0,0,0,0,0
1999-07-01,0,9686.626,160.41600000000108,4.233333333333333,167.20000000000002,1.2333333333333485,89.55186666666667,0.7728999999999928,5.09554347826087,0.3478511705685623,5.88296875,0.34171875,5.63234375,0.3481250000000004,0.250625,23.320625,4.650625,0.2004687499999997,0.1599220850545427,0,0,0,0,0,0,0,0,0,0,0,0,0,0,0,0,0,0
1999-10-01,0,9900.169,213.5429999999997,4.066666666666666,168.43333333333334,1.23333333333332,91.0494,1.4975333333333225,5.304021739130435,0.2084782608695645,6.14483870967742,0.2618699596774201,5.948225806451613,0.3158820564516125,0.1966129032258064,22.65828125,5.047580645161291,0.3969556451612908,0.1699671817781484,0,0,0,0,0,0,0,0,0,0,0,0,0,0,0,0,0,0
2000-01-01,0,10002.179,102.01000000000022,4.033333333333333,170.1,1.6666666666666572,91.83743333333332,0.7880333333333311,5.677692307692308,0.3736705685618728,6.468412698412698,0.3235739887352782,6.526349206349207,0.5781233998975939,-0.0579365079365079,23.15031746031746,5.528730158730159,0.4811495135688686,0.2564263202986874,0,0,0,0,0,0,0,0,0,0,0,0,0,0,0,0,0,0
2000-04-01,0,10247.72,245.5409999999993,3.9333333333333336,171.4333333333333,1.3333333333333144,92.87833333333332,1.0409000000000077,6.271978021978022,0.5942857142857143,6.184920634920634,-0.2834920634920639,6.572698412698412,0.0463492063492054,-0.3877777777777778,24.923968253968255,5.714444444444444,0.185714285714285,0.2060529786970589,0,0,0,0,0,0,0,0,0,0,0,0,0,0,0,0,0,0
2000-07-01,0,10318.165,70.44500000000153,4.0,173.0,1.5666666666666913,92.7787,-0.0996333333333296,6.51945652173913,0.2474784997611081,5.88984126984127,-0.2950793650793644,6.216984126984127,-0.355714285714285,-0.3271428571428571,19.16904761904762,6.0193650793650795,0.3049206349206352,0.254241860917081,0,0,0,0,0,0,0,0,0,0,0,0,0,0,0,0,0,0
2000-10-01,0,10435.744,117.57899999999972,3.9,174.23333333333335,1.2333333333333485,92.5344,-0.2442999999999955,6.4748913043478264,-0.0445652173913035,5.570645161290322,-0.3191961085509476,5.719032258064516,-0.4979518689196114,-0.1483870967741935,26.016666666666666,6.01983870967742,0.0004736303123404,0.1732853228307288,0,0,0,0,0,0,0,0,0,0,0,0,0,0,0,0,0,0
2001-01-01,1,10470.231,34.48699999999917,4.233333333333333,175.9,1.6666666666666572,91.44053333333332,-1.0938666666666703,5.597,-0.877891304347826,5.0441935483870965,-0.5264516129032257,4.580161290322581,-1.1388709677419353,0.4640322580645161,25.726451612903222,4.808870967741935,-1.2109677419354847,0.0700618232186469,0,0,0,0,0,0,0,0,0,0,0,0,0,0,0,0,0,0
2001-04-01,1,10599.0,128.76900000000023,4.3999999999999995,177.13333333333333,1.23333333333332,90.341,-1.0995333333333264,4.326703296703297,-1.2702967032967036,5.276190476190476,0.2319969278033795,4.191746031746032,-0.3884152585765488,1.0844444444444443,23.923809523809524,3.655396825396825,-1.15347414234511,0.1136529036685005,0,0,0,0,0,0,0,0,0,0,0,0,0,0,0,0,0,0
2001-07-01,1,10598.02,-0.9799999999995634,4.833333333333333,177.63333333333333,0.5,89.08386666666667,-1.2571333333333428,3.5015217391304345,-0.8251815575728623,4.995737704918033,-0.2804527712724427,3.676229508196722,-0.5155165235493104,1.3195081967213114,25.380338983050848,3.2118032786885244,-0.4435935467083007,-0.0239109192625619,0,0,0,0,0,0,0,0,0,0,0,0,0,0,0,0,0,0
2001-10-01,0,10660.465,62.44499999999971,5.5,177.5,-0.1333333333333257,88.13586666666667,-0.9479999999999932,2.130434782608696,-1.3710869565217387,4.762096774193548,-0.2336409307244853,2.867096774193548,-0.8091327340031733,1.895,27.91,1.9141935483870969,-1.2976097303014278,-0.2407329895574113,0,0,0,0,0,0,0,0,0,0,0,0,0,0,0,0,0,0
2002-01-01,0,10783.5,123.03499999999984,5.7,178.0666666666667,0.5666666666666913,88.738,0.6021333333333274,1.732888888888889,-0.3975458937198068,5.079166666666667,0.3170698924731185,3.2005,0.3334032258064519,1.8786666666666667,21.360833333333336,1.7206666666666666,-0.1935268817204301,-0.0772240225549062,0,0,0,0,0,0,0,0,0,0,0,0,0,0,0,0,0,0
2002-04-01,0,10887.46,103.95999999999913,5.833333333333333,179.46666666666667,1.3999999999999773,90.09136666666666,1.353366666666659,1.7515384615384617,0.0186495726495725,5.10609375,0.0269270833333337,3.23390625,0.03340625,1.8721875,21.643125,1.71390625,-0.0067604166666666,-0.0688984847760626,0,0,0,0,0,0,0,0,0,0,0,0,0,0,0,0,0,0
2002-07-01,0,10984.04,96.58000000000176,5.733333333333333,180.4333333333333,0.96666666666664,90.6354,0.5440333333333456,1.7408695652173911,-0.0106688963210701,4.27234375,-0.8337500000000002,2.23875,-0.99515625,2.03359375,35.0684375,1.643125,-0.07078125,-0.1277386426682705,0,0,0,0,0,0,0,0,0,0,0,0,0,0,0,0,0,0
2002-10-01,0,11061.433,77.39300000000003,5.866666666666667,181.5,1.0666666666666913,90.63353333333332,-0.0018666666666717,1.4442391304347826,-0.2966304347826087,4.004838709677419,-0.2675050403225807,1.889677419354839,-0.3490725806451613,2.1151612903225807,30.72671875,1.3425806451612905,-0.3005443548387096,-0.0923877936353243,0,0,0,0,0,0,0,0,0,0,0,0,0,0,0,0,0,0
2003-01-01,0,11174.129,112.69599999999993,5.866666666666667,183.36666666666667,1.8666666666666745,91.22833333333334,0.5948000000000064,1.2496666666666667,-0.1945724637681158,3.92,-0.0848387096774194,1.649016393442623,-0.2406610259122157,2.270983606557377,30.02262295081967,1.1547540983606557,-0.1878265468006346,-0.1022709749225113,0,0,0,0,0,0,0,0,0,0,0,0,0,0,0,0,0,0
2003-04-01,0,11312.766,138.6369999999988,6.133333333333333,183.0666666666667,-0.2999999999999829,90.5838,-0.6445333333333423,1.2467032967032967,-0.0029633699633699,3.6206349206349207,-0.2993650793650793,1.4215873015873015,-0.2274290918553212,2.199047619047619,21.531269841269843,1.0392063492063492,-0.1155477491543064,-0.0983833350537979,0,0,0,0,0,0,0,0,0,0,0,0,0,0,0,0,0,0
2003-07-01,0,11566.669,253.90300000000025,6.133333333333333,184.4333333333333,1.3666666666666174,91.18136666666668,0.5975666666666797,1.0168478260869565,-0.2298554706163402,4.22765625,0.6070213293650792,1.67828125,0.2566939484126982,2.549375,19.32015625,0.92828125,-0.1109250992063493,0.0931360949078858,0,0,0,0,0,0,0,0,0,0,0,0,0,0,0,0,0,0
2003-10-01,0,11772.234,205.5650000000005,5.833333333333333,185.13333333333333,0.700000000000017,92.03723333333332,0.8558666666666568,0.9967391304347828,-0.0201086956521737,4.285161290322581,0.0575050403225807,1.8562903225806453,0.1780090725806453,2.4288709677419353,17.4271875,0.9156451612903226,-0.0126360887096773,0.2383800743390684,0,0,0,0,0,0,0,0,0,0,0,0,0,0,0,0,0,0
2004-01-01,0,11923.447,151.21299999999974,5.7,186.7,1.5666666666666913,92.64823333333334,0.6110000000000042,1.001868131868132,0.0051290014333492,4.01,-0.2751612903225808,1.6866129032258064,-0.1696774193548389,2.323387096774194,16.65806451612903,0.9161290322580644,0.0004838709677419,0.1906858216766472,0,0,0,0,0,0,0,0,0,0,0,0,0,0,0,0,0,0
2004-04-01,0,12112.815,189.3680000000004,5.599999999999999,188.16666666666663,1.46666666666664,93.1341,0.4858666666666522,1.0113186813186814,0.0094505494505494,4.597096774193548,0.5870967741935482,2.454677419354838,0.7680645161290323,2.14241935483871,16.21126984126984,1.0788709677419357,0.1627419354838709,0.2723952434383906,0,0,0,0,0,0,0,0,0,0,0,0,0,0,0,0,0,0
2004-07-01,0,12305.307,192.4920000000002,5.433333333333334,189.36666666666667,1.200000000000017,93.64643333333332,0.5123333333333449,1.4307608695652174,0.419442188246536,4.30140625,-0.2956905241935477,2.5565625,0.1018850806451614,1.74484375,15.4421875,1.48828125,0.4094102822580645,0.2325378390757934,0,0,0,0,0,0,0,0,0,0,0,0,0,0,0,0,0,0
2004-10-01,0,12527.214,221.90699999999924,5.433333333333334,191.4,2.033333333333331,94.95476666666669,1.3083333333333371,1.949891304347826,0.5191304347826085,4.175806451612903,-0.1255997983870971,2.82241935483871,0.2658568548387099,1.3533870967741934,13.65140625,2.0116129032258065,0.5233316532258065,0.2121070181222065,0,0,0,0,0,0,0,0,0,0,0,0,0,0,0,0,0,0
2005-01-01,0,12767.286,240.07200000000012,5.3,192.36666666666667,0.9666666666666686,96.3006,1.3458333333333172,2.4690000000000003,0.5191086956521744,4.303606557377049,0.1278001057641455,3.454918032786886,0.6324986779481754,0.848688524590164,12.787049180327868,2.543606557377049,0.5319936541512424,0.3134026679727766,0,0,0,0,0,0,0,0,0,0,0,0,0,0,0,0,0,0
2005-04-01,0,12922.656,155.3700000000008,5.1000000000000005,193.66666666666663,1.299999999999983,96.85623333333332,0.5556333333333328,2.9417582417582415,0.4727582417582412,4.15859375,-0.1450128073770491,3.6459375,0.1910194672131147,0.51265625,13.40734375,2.86671875,0.323112192622951,0.1885275211963024,0,0,0,0,0,0,0,0,0,0,0,0,0,0,0,0,0,0
2005-07-01,0,13142.642,219.98599999999897,4.966666666666667,196.6,2.933333333333337,96.45046666666669,-0.4057666666666506,3.46,0.5182417582417584,4.21515625,0.0565625,3.95796875,0.31203125,0.2571875,12.25078125,3.3634375,0.4967187499999999,0.215718349603855,0,0,0,0,0,0,0,0,0,0,0,0,0,0,0,0,0,0
2005-10-01,0,13324.204,181.5619999999999,4.966666666666667,198.4333333333333,1.8333333333333144,97.34793333333332,0.8974666666666593,3.9782608695652177,0.5182608695652173,4.488196721311475,0.2730404713114751,4.364590163934427,0.4066214139344266,0.1236065573770491,12.781746031746032,3.8262295081967217,0.4627920081967214,0.2247197506544382,0,0,0,0,0,0,0,0,0,0,0,0,0,0,0,0,0,0
2006-01-01,0,13599.16,274.95600000000013,4.733333333333333,199.46666666666667,1.03333333333336,98.30133333333332,0.953400000000002,4.454111111111112,0.4758502415458943,4.577096774193548,0.0889000528820735,4.6046774193548385,0.2400872554204118,-0.0275806451612903,12.04241935483871,4.398870967741936,0.5726414595452147,0.3258094807465871,0,0,0,0,0,0,0,0,0,0,0,0,0,0,0,0,0,0
2006-04-01,0,13753.424,154.26400000000103,4.633333333333333,201.26666666666665,1.799999999999983,98.8828,0.5814666666666568,4.907582417582417,0.4534713064713056,5.072698412698412,0.4956016385048638,4.997936507936508,0.3932590885816696,0.0747619047619047,14.528730158730156,4.708253968253969,0.3093830005120326,0.2617545537241212,0,0,0,0,0,0,0,0,0,0,0,0,0,0,0,0,0,0
2006-07-01,0,13870.188,116.7639999999992,4.633333333333334,203.16666666666663,1.9000000000000057,99.2836,0.4008000000000038,5.2453260869565215,0.3377436693741042,4.893492063492064,-0.179206349206348,4.929047619047618,-0.0688888888888898,-0.0355555555555555,13.607936507936508,4.906825396825397,0.1985714285714284,0.1757285424872585,0,0,0,0,0,0,0,0,0,0,0,0,0,0,0,0,0,0
2006-10-01,0,14039.56,169.3719999999994,4.433333333333334,202.33333333333337,-0.8333333333333144,99.51353333333334,0.2299333333333493,5.242934782608696,-0.0023913043478254,4.630645161290323,-0.2628469022017414,4.737580645161291,-0.1914669738863272,-0.1069354838709677,11.034920634920637,4.903548387096774,-0.0032770097286229,0.2359939191652381,0,0,0,0,0,0,0,0,0,0,0,0,0,0,0,0,0,0
2007-01-01,0,14215.651,176.09100000000035,4.5,204.317,1.9836666666666645,100.52153333333332,1.0079999999999814,5.254555555555556,0.01162077294686,4.679032258064517,0.0483870967741939,4.760483870967741,0.0229032258064503,-0.0814516129032258,12.56360655737705,4.978225806451612,0.0746774193548382,0.2347999258587757,0,0,0,0,0,0,0,0,0,0,0,0,0,0,0,0,0,0
2007-04-01,0,14402.082,186.4310000000005,4.5,206.631,2.313999999999993,101.71776666666666,1.196233333333339,5.252417582417583,-0.0021379731379731,4.84609375,0.1670614919354829,4.80375,0.0432661290322586,0.04234375,13.731904761904762,4.7375,-0.2407258064516124,0.1135827467500508,0,0,0,0,0,0,0,0,0,0,0,0,0,0,0,0,0,0
2007-07-01,0,14564.117,162.03499999999983,4.666666666666667,207.939,1.3079999999999927,101.8732,0.1554333333333346,5.074347826086957,-0.1780697563306263,4.738412698412698,-0.1076810515873019,4.3907936507936505,-0.4129563492063495,0.3476190476190476,21.589206349206343,4.314920634920634,-0.4225793650793656,-0.0501497981123342,0,0,0,0,0,0,0,0,0,0,0,0,0,0,0,0,0,0
2007-10-01,1,14715.058,150.9410000000007,4.8,210.4896666666667,2.5506666666667,102.17546666666668,0.3022666666666822,4.495652173913044,-0.5786956521739128,4.266612903225807,-0.4717997951868904,3.4896774193548388,-0.9011162314388116,0.7769354838709678,22.02984375,3.405806451612903,-0.909114183307731,-0.1156528719255457,0,0,0,0,0,0,0,0,0,0,0,0,0,0,0,0,0,0
2008-01-01,1,14706.538,-8.520000000000437,5.0,212.76966666666667,2.2799999999999727,101.87406666666668,-0.301400000000001,3.1814285714285715,-1.3142236024844722,3.6652459016393446,-0.6013670015864627,2.0293442622950817,-1.460333157059757,1.6359016393442625,26.120163934426227,2.058360655737705,-1.3474457958751982,-0.2564248393525134,0,0,0,0,0,0,0,0,0,0,0,0,0,0,0,0,0,0
2008-04-01,1,14865.701,159.16299999999865,5.333333333333333,215.5376666666667,2.768000000000029,100.39313333333332,-1.480933333333354,2.0847252747252747,-1.0967032967032968,3.8815625,0.2163165983606556,2.41640625,0.3870619877049184,1.46515625,20.67296875,1.62265625,-0.4357044057377051,-0.2611813623826582,0,0,0,0,0,0,0,0,0,0,0,0,0,0,0,0,0,0
2008-07-01,1,14898.999,33.298000000000684,6.0,218.861,3.323333333333295,97.1922,-3.2009333333333245,1.9406521739130431,-0.1440731008122313,3.8621875,-0.0193750000000001,2.36,-0.0564062500000002,1.5021875,25.0734375,1.49609375,-0.1265624999999999,-0.339768654950287,0,0,0,0,0,0,0,0,0,0,0,0,0,0,0,0,0,0
2008-10-01,1,14608.209,-290.78999999999905,6.866666666666667,213.84866666666667,-5.012333333333316,93.0097,-4.18249999999999,0.5053260869565218,-1.4353260869565214,3.234677419354839,-0.6275100806451612,1.215483870967742,-1.144516129032258,2.0191935483870966,58.6046875,0.3070967741935483,-1.1889969758064516,-0.4194065044107644,0,0,0,0,0,0,0,0,0,0,0,0,0,0,0,0,0,0
2009-01-01,1,14430.902,-177.3070000000007,8.266666666666667,212.37766666666667,-1.4710000000000036,87.75126666666667,-5.258433333333343,0.1844444444444444,-0.3208816425120773,2.7362295081967214,-0.4984479111581175,0.9042622950819672,-0.3112215758857748,1.8319672131147544,45.0,0.2118032786885245,-0.0952934955050237,-0.3406413187583287,0,0,0,0,0,0,0,0,0,0,0,0,0,0,0,0,0,0
2009-04-01,1,14381.236,-49.66599999999926,9.3,213.507,1.1293333333333069,85.24893333333334,-2.5023333333333255,0.178021978021978,-0.0064224664224664,3.320793650793651,0.5845641425969297,1.0176190476190476,0.1133567525370804,2.303174603174603,33.01571428571428,0.1703174603174603,-0.0414858183710642,-0.2838493307213207,0,0,0,0,0,0,0,0,0,0,0,0,0,0,0,0,0,0
2009-07-01,0,14448.882,67.64599999999882,9.633333333333333,215.34399999999997,1.836999999999989,86.58386666666667,1.3349333333333249,0.1543478260869565,-0.0236741519350215,3.5178125,0.1970188492063487,1.03,0.0123809523809523,2.4878125,25.48625,0.15984375,-0.0104737103174603,-0.2202908396720886,0,0,0,0,0,0,0,0,0,0,0,0,0,0,0,0,0,0
2009-10-01,0,14651.249,202.3670000000002,9.933333333333334,217.03,1.6860000000000357,88.01443333333333,1.430566666666664,0.1183695652173913,-0.0359782608695652,3.4640322580645164,-0.0537802419354833,0.8779032258064516,-0.1520967741935484,2.586129032258065,23.071875,0.0604838709677419,-0.099359879032258,0.0019092868150556,0,0,0,0,0,0,0,0,0,0,0,0,0,0,0,0,0,0
2010-01-01,0,14764.61,113.3610000000008,9.833333333333334,217.374,0.3440000000000225,89.7711,1.7566666666666748,0.1338888888888889,0.0155193236714975,3.717868852459016,0.2538365943945,0.917704918032787,0.0398016922263353,2.8001639344262297,20.149672131147543,0.1098360655737705,0.0493521946060285,-0.0469023323462655,0,0,0,0,0,0,0,0,0,0,0,0,0,0,0,0,0,0
2010-04-01,0,14980.193,215.58299999999872,9.633333333333333,217.29733333333337,-0.0766666666666822,91.47163333333332,1.7005333333333257,0.1919780219780219,0.058089133089133,3.4925,-0.2253688524590162,0.873125,-0.0445799180327869,2.619375,26.391428571428573,0.14828125,0.0384451844262295,-0.1714015364142232,0,0,0,0,0,0,0,0,0,0,0,0,0,0,0,0,0,0
2010-07-01,0,15141.607,161.41400000000067,9.466666666666669,217.93433333333337,0.6370000000000005,92.65876666666666,1.1871333333333354,0.1888043478260869,-0.003173674151935,2.78453125,-0.70796875,0.53875,-0.3343750000000001,2.24578125,24.28359375,0.15484375,0.0065624999999999,-0.1505175330068754,0,0,0,0,0,0,0,0,0,0,0,0,0,0,0,0,0,0
2010-10-01,0,15309.474,167.8670000000002,9.5,219.699,1.764666666666642,93.04663333333332,0.3878666666666674,0.1895652173913043,0.0007608695652173,2.8783870967741936,0.0938558467741934,0.4870967741935483,-0.0516532258064516,2.391290322580645,19.3184375,0.139516129032258,-0.0153276209677419,-0.0959156915879524,0,0,0,0,0,0,0,0,0,0,0,0,0,0,0,0,0,0
2011-01-01,0,15351.448,41.97400000000016,9.033333333333331,222.04366666666667,2.344666666666683,93.5568,0.5101666666666631,0.1545555555555555,-0.0350096618357488,3.4574193548387098,0.5790322580645162,0.6937096774193549,0.2066129032258065,2.763709677419355,18.614838709677414,0.1267741935483871,-0.0127419354838709,-0.0438490510892329,0,0,0,0,0,0,0,0,0,0,0,0,0,0,0,0,0,0
2011-04-01,0,15557.539,206.09100000000035,9.066666666666666,224.56833333333336,2.5246666666666897,93.94496666666667,0.3881666666666774,0.0946153846153846,-0.0599401709401709,3.2014285714285715,-0.2559907834101382,0.5615873015873016,-0.1321223758320532,2.63984126984127,17.482380952380954,0.0452380952380952,-0.0815360983102918,-0.1579179335999619,0,0,0,0,0,0,0,0,0,0,0,0,0,0,0,0,0,0
2011-07-01,0,15647.68,90.14099999999962,9.0,226.03266666666664,1.4643333333332862,95.03566666666666,1.090699999999984,0.0835869565217391,-0.0110284280936454,2.41421875,-0.7872098214285717,0.27921875,-0.2823685515873016,2.135,30.58359375,0.025,-0.0202380952380952,-0.3444141126845194,0,0,0,0,0,0,0,0,0,0,0,0,0,0,0,0,0,0
2011-10-01,0,15842.259,194.57899999999972,8.633333333333333,227.04733333333337,1.0146666666666988,96.0208,0.9851333333333514,0.0743478260869565,-0.0092391304347825,2.0467213114754097,-0.3674974385245901,0.2636065573770492,-0.0156121926229508,1.7831147540983605,29.93952380952381,0.0147540983606557,-0.0102459016393442,-0.2235658218193313,0,0,0,0,0,0,0,0,0,0,0,0,0,0,0,0,0,0
2012-01-01,0,16068.805,226.54600000000028,8.266666666666667,228.326,1.2786666666666804,96.97176666666668,0.950966666666659,0.1041758241758241,0.0298279980888676,2.04,-0.0067213114754096,0.289516129032258,0.0259095716552088,1.750483870967742,18.20403225806452,0.0706451612903225,0.0558910629296668,-0.1016710195472914,0,0,0,0,0,0,0,0,0,0,0,0,0,0,0,0,0,0
2012-04-01,0,16207.115,138.3099999999995,8.2,228.808,0.4819999999999709,97.5877,0.6159333333333308,0.1523076923076923,0.0481318681318681,1.82578125,-0.2142187500000001,0.28953125,1.5120967741977244e-05,1.53625,20.035714285714285,0.08828125,0.0176360887096774,-0.1209968958302032,0,0,0,0,0,0,0,0,0,0,0,0,0,0,0,0,0,0
2012-07-01,0,16319.541,112.42599999999948,8.033333333333333,229.841,1.0330000000000157,97.56826666666666,-0.0194333333333389,0.1443478260869565,-0.0079598662207357,1.6412698412698414,-0.1845114087301584,0.2577777777777778,-0.0317534722222221,1.383492063492063,16.192698412698412,0.1015873015873015,0.0133060515873015,-0.1516763928546266,0,0,0,0,0,0,0,0,0,0,0,0,0,0,0,0,0,0
2012-10-01,0,16420.419,100.87800000000244,7.8,231.36933333333332,1.5283333333333076,98.0357,0.4674333333333464,0.161195652173913,0.0168478260869565,1.707049180327869,0.0657793390580272,0.2675409836065573,0.0097632058287795,1.4395081967213117,16.752903225806453,0.0896721311475409,-0.0119151704397606,-0.0007418984824534,0,0,0,0,0,0,0,0,0,0,0,0,0,0,0,0,0,0
2013-01-01,0,16648.189,227.7699999999968,7.733333333333333,232.29933333333335,0.9300000000000352,98.77346666666666,0.7377666666666585,0.1436666666666666,-0.0175289855072463,1.951,0.2439508196721314,0.2628333333333333,-0.004707650273224,1.6881666666666666,13.527,0.0863333333333333,-0.0033387978142076,-0.0546295282925711,0,0,0,0,0,0,0,0,0,0,0,0,0,0,0,0,0,0
2013-04-01,0,16728.687,80.49800000000323,7.533333333333334,232.045,-0.2543333333333635,99.2267,0.4532333333333298,0.1158241758241758,-0.0278424908424908,1.98625,0.03525,0.27015625,0.0073229166666666,1.71609375,14.83703125,0.0515625,-0.0347708333333333,0.0256882245864819,0,0,0,0,0,0,0,0,0,0,0,0,0,0,0,0,0,0
2013-07-01,0,16953.838,225.150999999998,7.233333333333333,233.3,1.2549999999999957,99.63223333333332,0.4055333333333379,0.0852173913043478,-0.030606784519828,2.7065625,0.7203124999999999,0.3659375,0.09578125,2.340625,14.2796875,0.0321875,-0.019375,0.0635942224737094,0,0,0,0,0,0,0,0,0,0,0,0,0,0,0,0,0,0
2013-10-01,0,17192.019,238.1810000000005,6.933333333333334,234.1626666666667,0.862666666666712,100.3051,0.6728666666666641,0.0855434782608695,0.0003260869565217,2.7441935483870967,0.0376310483870967,0.327258064516129,-0.0386794354838709,2.416935483870968,14.2328125,0.0601612903225806,0.0279737903225806,-0.0711709025300755,0,0,0,0,0,0,0,0,0,0,0,0,0,0,0,0,0,0
2014-01-01,0,17197.738,5.71900000000096,6.666666666666667,235.621,1.4583333333333144,100.9903,0.6851999999999947,0.0722222222222222,-0.0133212560386473,2.7654098360655737,0.0212162876784769,0.3747540983606557,0.0474960338445266,2.3906557377049182,14.828852459016392,0.0493442622950819,-0.0108170280274986,0.1002003808402352,0,0,0,0,0,0,0,0,0,0,0,0,0,0,0,0,0,0
2014-04-01,0,17518.508,320.77000000000044,6.2,236.87233333333333,1.2513333333333208,102.37046666666669,1.380166666666682,0.0909890109890109,0.0187667887667887,2.620952380952381,-0.1444574551131925,0.4195238095238095,0.0447697111631538,2.2014285714285715,12.738253968253968,0.033015873015873,-0.0163283892792089,0.0555990397978758,0,0,0,0,0,0,0,0,0,0,0,0,0,0,0,0,0,0
2014-07-01,0,17804.228,285.7199999999975,6.066666666666666,237.47833333333332,0.6059999999999945,102.93203333333334,0.5615666666666641,0.0891304347826087,-0.0018585762064022,2.49953125,-0.1214211309523811,0.515,0.0954761904761904,1.98453125,13.07265625,0.02640625,-0.006609623015873,0.0534065214027498,0,0,0,0,0,0,0,0,0,0,0,0,0,0,0,0,0,0
2014-10-01,0,17912.079,107.8510000000024,5.7,236.88833333333332,-0.5900000000000034,103.4978,0.5657666666666614,0.1013043478260869,0.0121739130434782,2.275967741935484,-0.2235635080645157,0.5366129032258065,0.0216129032258064,1.7393548387096776,16.07234375,0.0225806451612903,-0.0038256048387096,0.1386342437117887,0,0,0,0,0,0,0,0,0,0,0,0,0,0,0,0,0,0
2015-01-01,0,18063.529,151.4499999999971,5.533333333333334,235.355,-1.533333333333303,102.33846666666666,-1.1593333333333362,0.1128888888888888,0.0115845410628019,1.9688524590163936,-0.3071152829190908,0.6045901639344262,0.0679772607086197,1.3642622950819672,16.564754098360655,0.0245901639344262,0.0020095187731359,0.1686206824249691,0,0,0,0,0,0,0,0,0,0,0,0,0,0,0,0,0,0
2015-04-01,0,18279.784,216.25500000000105,5.433333333333334,236.96,1.6049999999999898,100.9316,-1.4068666666666587,0.1256043956043956,0.0127155067155067,2.164375,0.1955225409836067,0.61265625,0.0080660860655737,1.55171875,13.740158730158733,0.01828125,-0.0063089139344262,0.1115097144393475,0,0,0,0,0,0,0,0,0,0,0,0,0,0,0,0,0,0
2015-07-01,0,18401.626,121.84200000000055,5.1000000000000005,237.855,0.8949999999999818,101.00473333333332,0.073133333333331,0.1347826086956521,0.0091782130912565,2.223125,0.0587499999999998,0.6925,0.0798437499999999,1.530625,19.30734375,0.04203125,0.02375,0.0475440455433588,0,0,0,0,0,0,0,0,0,0,0,0,0,0,0,0,0,0
2015-10-01,0,18435.137,33.5109999999986,5.033333333333333,237.837,-0.0180000000000006,99.613,-1.3917333333333346,0.1610869565217391,0.0263043478260869,2.190483870967742,-0.0326411290322581,0.8382258064516129,0.1457258064516129,1.352258064516129,17.03328125,0.1241935483870967,0.0821622983870967,0.0854178079462144,0,0,0,0,0,0,0,0,0,0,0,0,0,0,0,0,0,0
2016-01-01,0,18525.933,90.7960000000021,4.8999999999999995,237.68933333333337,-0.1476666666666517,98.9716,-0.6413999999999902,0.3597802197802198,0.1986932632584806,1.9142622950819672,-0.2762215758857747,0.8362295081967213,-0.0019962982548916,1.078032786885246,20.48622950819672,0.2880327868852459,0.1638392384981491,0.0024375766411789,0,0,0,0,0,0,0,0,0,0,0,0,0,0,0,0,0,0
2016-04-01,0,18711.702,185.76900000000023,4.933333333333334,239.59033333333332,1.900999999999982,98.64793333333334,-0.3236666666666679,0.3693406593406593,0.0095604395604395,1.75015625,-0.1641060450819671,0.77125,-0.0649795081967212,0.97890625,15.6759375,0.2575,-0.0305327868852459,0.022330752912919,0,0,0,0,0,0,0,0,0,0,0,0,0,0,0,0,0,0
2016-07-01,0,18892.639,180.93699999999808,4.8999999999999995,240.60733333333337,1.0170000000000243,98.86496666666666,0.2170333333333189,0.394891304347826,0.0255506450071666,1.564375,-0.18578125,0.728125,-0.0431249999999999,0.83625,13.23390625,0.295625,0.038125,0.0767625692685175,0,0,0,0,0,0,0,0,0,0,0,0,0,0,0,0,0,0
2016-10-01,0,19089.379,196.7400000000016,4.766666666666667,242.13466666666667,1.5273333333333312,98.71053333333332,-0.1544333333333298,0.4481521739130434,0.0532608695652174,2.138688524590164,0.5743135245901638,1.0095081967213115,0.2813831967213115,1.1291803278688524,14.097936507936508,0.4272131147540983,0.1315881147540983,0.1888110469216885,0,0,0,0,0,0,0,0,0,0,0,0,0,0,0,0,0,0
2017-01-01,0,19280.084,190.7049999999981,4.566666666666666,243.83866666666663,1.7039999999999793,98.71313333333336,0.0026000000000152,0.698888888888889,0.2507367149758455,2.4466129032258066,0.3079243786356427,1.2443548387096774,0.2348466419883659,1.202258064516129,11.691935483870967,0.5982258064516129,0.1710126916975146,0.2940447025828891,0,0,0,0,0,0,0,0,0,0,0,0,0,0,0,0,0,0
2017-04-01,0,19438.643,158.5590000000011,4.366666666666667,244.12,0.2813333333333503,100.1701,1.4569666666666592,0.9473626373626376,0.2484737484737484,2.260952380952381,-0.1856605222734257,1.2976190476190477,0.0532642089093702,0.9633333333333334,11.426349206349206,0.8944444444444445,0.2962186379928315,0.169126665690443,0,0,0,0,0,0,0,0,0,0,0,0,0,0,0,0,0,0
2017-07-01,0,19692.595,253.9520000000011,4.333333333333333,245.287,1.1670000000000016,99.8649,-0.3052000000000134,1.1536956521739128,0.2063330148112753,2.2414285714285715,-0.0195238095238092,1.3626984126984127,0.065079365079365,0.8787301587301587,10.944285714285714,1.035873015873016,0.1414285714285715,0.0916014156790207,0,0,0,0,0,0,0,0,0,0,0,0,0,0,0,0,0,0
2017-10-01,0,20037.088,344.4929999999986,4.166666666666667,247.23833333333337,1.9513333333333376,101.25183333333332,1.3869333333333316,1.2046739130434785,0.0509782608695654,2.371451612903226,0.1300230414746543,1.6943548387096774,0.3316564260112646,0.6770967741935483,10.307936507936509,1.2069354838709676,0.1710624679979515,0.2262312692954488,0,0,0,0,0,0,0,0,0,0,0,0,0,0,0,0,0,0
2018-01-01,0,20328.553,291.46500000000015,4.033333333333333,249.3216666666667,2.083333333333343,101.79256666666669,0.5407333333333497,1.4469999999999998,0.2423260869565215,2.7585245901639346,0.3870729772607086,2.1604918032786884,0.466136964569011,0.5980327868852459,17.354754098360658,1.5590163934426229,0.3520809095716553,0.1812455139226383,0,0,0,0,0,0,0,0,0,0,0,0,0,0,0,0,0,0
2018-04-01,0,20580.912,252.3590000000004,3.9333333333333336,250.679,1.3573333333333153,102.97776666666664,1.1851999999999805,1.736923076923077,0.2899230769230771,2.920625,0.1621004098360652,2.47703125,0.3165394467213116,0.44359375,15.3375,1.840625,0.2816086065573771,-0.0012221280464603,0,0,0,0,0,0,0,0,0,0,0,0,0,0,0,0,0,0
2018-07-01,0,20798.73,217.8179999999993,3.766666666666667,251.68633333333332,1.007333333333321,103.83256666666666,0.8548000000000116,1.9261956521739132,0.1892725752508361,2.9238095238095236,0.0031845238095238,2.6658730158730157,0.1888417658730157,0.2579365079365079,12.856825396825396,2.0361904761904763,0.1955654761904763,-0.0475214779104906,0,0,0,0,0,0,0,0,0,0,0,0,0,0,0,0,0,0
2018-10-01,0,20917.867,119.1369999999988,3.8333333333333335,252.711,1.0246666666666897,104.0491,0.2165333333333308,2.220108695652174,0.2939130434782606,3.0411475409836064,0.1173380171740827,2.8027868852459017,0.1369138693728859,0.2383606557377049,21.053650793650796,2.3108196721311476,0.2746291959406712,0.0363985745096452,0,0,0,0,0,0,0,0,0,0,0,0,0,0,0,0,0,0
2019-01-01,0,21111.6,193.73300000000015,3.8666666666666663,253.38566666666665,0.6746666666666385,103.0383,-1.010799999999989,2.401777777777778,0.1816690821256039,2.652950819672131,-0.3881967213114752,2.485081967213115,-0.3177049180327866,0.1678688524590164,16.47,2.388360655737705,0.0775409836065574,0.0038904221624963,0,0,0,0,0,0,0,0,0,0,0,0,0,0,0,0,0,0
2019-04-01,0,21397.938,286.33799999999974,3.6333333333333337,255.24733333333333,1.8616666666666788,102.36783333333334,-0.6704666666666697,2.397362637362637,-0.0044151404151406,2.338888888888889,-0.3140619307832422,2.127936507936508,-0.357145459276607,0.2109523809523809,15.183015873015872,2.3049206349206353,-0.0834400208170698,0.0057749335416132,0,0,0,0,0,0,0,0,0,0,0,0,0,0,0,0,0,0
2019-07-01,0,21717.171,319.2330000000002,3.6,256.08933333333334,0.842000000000013,102.2905,-0.0773333333333425,2.1921739130434785,-0.2051887243191585,1.79796875,-0.5409201388888891,1.6859375,-0.4419990079365079,0.11203125,15.96015625,1.98359375,-0.3213268849206352,-0.1611496315378209,0,0,0,0,0,0,0,0,0,0,0,0,0,0,0,0,0,0
2019-10-01,0,21933.217,216.0460000000021,3.6,257.888,1.7986666666666338,101.68853333333334,-0.6019666666666552,1.6456521739130436,-0.5465217391304349,1.7919354838709676,-0.0060332661290323,1.591129032258065,-0.0948084677419354,0.2008064516129032,13.98578125,1.5769354838709675,-0.4066582661290323,-0.0506609506816818,0,0,0,0,0,0,0,0,0,0,0,0,0,0,0,0,0,0
2020-01-01,1,21751.238,-181.97899999999936,3.8333333333333335,258.81766666666664,0.9296666666666624,99.93836666666668,-1.750166666666658,1.254945054945055,-0.3907071189679887,1.365,-0.4269354838709676,1.0814516129032257,-0.509677419354839,0.2835483870967742,31.22451612903226,1.0816129032258064,-0.4953225806451613,-0.0817898719131455,0,0,0,0,0,0,0,0,0,0,0,0,0,0,0,0,0,0
2020-04-01,1,19958.291,-1792.947,13.0,256.292,-2.525666666666666,87.3719,-12.566466666666685,0.0587912087912088,-1.196153846153846,0.6876190476190476,-0.6773809523809524,0.1936507936507936,-0.887800819252432,0.493968253968254,34.493650793650794,0.1422222222222222,-0.939390681003584,-0.611180210506523,0,0,0,0,0,0,0,0,0,0,0,0,0,0,0,0,0,0
2020-07-01,0,21704.437,1746.1460000000006,8.799999999999999,259.22166666666664,2.9296666666666624,95.64913333333334,8.277233333333342,0.0926086956521739,0.0338174868609651,0.650625,-0.0369940476190475,0.1409375,-0.0527132936507936,0.5096875,25.80890625,0.1134375,-0.0287847222222222,-0.3719164521797843,0,0,0,0,0,0,0,0,0,0,0,0,0,0,0,0,0,0
2020-10-01,0,22087.16,382.72299999999814,6.766666666666667,261.0916666666667,1.8700000000000616,97.39466666666664,1.745533333333313,0.0888043478260869,-0.0038043478260869,0.864516129032258,0.213891129032258,0.1496774193548387,0.0087399193548387,0.7148387096774194,25.62171875,0.0929032258064516,-0.0205342741935483,-0.1574783598113319,0,0,0,0,0,0,0,0,0,0,0,0,0,0,0,0,0,0
2021-01-01,0,22680.693,593.5329999999994,6.233333333333333,263.6863333333333,2.594666666666626,97.62756666666668,0.2329000000000149,0.0768888888888888,-0.011915458937198,1.3359016393442622,0.4713855103120041,0.1321311475409836,-0.017546271813855,1.2037704918032788,23.20245901639344,0.0511475409836065,-0.041755684822845,-0.0160384485536875,0,0,0,0,0,0,0,0,0,0,0,0,0,0,0,0,0,0
2021-04-01,0,23425.91,745.2170000000006,5.933333333333334,268.5796666666667,4.8933333333333735,99.26356666666668,1.63600000000001,0.0682417582417582,-0.0086471306471306,1.59078125,0.2548796106557378,0.17421875,0.0420876024590163,1.4165625,18.0,0.02515625,-0.0259912909836065,0.1067356058283821,0,0,0,0,0,0,0,0,0,0,0,0,0,0,0,0,0,0
2021-07-01,0,23982.379,556.469000000001,5.066666666666666,272.8863333333333,4.306666666666615,99.71783333333332,0.4542666666666548,0.09,0.0217582417582417,1.32484375,-0.2659374999999999,0.22578125,0.0515625,1.0990625,18.28734375,0.0496875,0.02453125,0.0350203695184459,0,0,0,0,0,0,0,0,0,0,0,0,0,0,0,0,0,0
2021-10-01,0,24813.6,831.2209999999977,4.2,278.71933333333334,5.833000000000027,100.54136666666666,0.8235333333333301,0.0794565217391304,-0.0105434782608695,1.5333870967741934,0.2085433467741932,0.5317741935483871,0.305992943548387,1.0016129032258063,19.27515625,0.0546774193548387,0.0049899193548387,-0.021419282304123,0,0,0,0,0,0,0,0,0,0,0,0,0,0,0,0,0,0
2022-01-01,0,25250.347,436.747000000003,3.8333333333333335,284.8446666666666,6.125333333333288,100.79423333333334,0.2528666666666765,0.1214444444444444,0.041987922705314,1.9511290322580648,0.4177419354838712,1.464516129032258,0.9327419354838709,0.4866129032258064,25.372903225806457,0.3125806451612903,0.2579032258064516,-0.0696545527109669,0,0,0,0,0,0,0,0,0,0,0,0,0,0,0,0,0,0
2022-04-01,0,25861.292,610.9449999999997,3.6333333333333337,291.651,6.806333333333384,101.26383333333332,0.4695999999999856,0.7668131868131868,0.6453687423687423,2.9325806451612904,0.9814516129032258,2.7204838709677417,1.2559677419354838,0.2120967741935484,27.3984375,1.085483870967742,0.7729032258064517,-0.0865619475316834,0,0,0,0,0,0,0,0,0,0,0,0,0,0,0,0,0,0
2022-07-01,0,26336.304,475.0119999999988,3.533333333333333,295.50766666666664,3.8566666666666265,101.20369999999998,-0.06013333333334,2.182934782608696,1.4161215957955091,3.10109375,0.1685131048387096,3.3821875,0.6617036290322584,-0.28109375,24.792727272727273,2.6690625,1.583578629032258,-0.1320866500229939,0,0,0,0,0,0,0,0,0,0,0,0,0,0,0,0,0,0
2022-10-01,0,26770.514,434.2099999999991,3.5666666666666664,298.49833333333333,2.990666666666698,100.65816666666667,-0.5455333333333101,3.653369565217392,1.4704347826086956,3.82672131147541,0.72562756147541,4.387377049180328,1.005189549180328,-0.5606557377049181,25.00265625,4.043770491803278,1.3747079918032783,-0.1540392101944788,0,0,0,0,0,0,0,0,0,0,0,0,0,0,0,0,0,0
2023-01-01,0,27216.445,445.9310000000005,3.533333333333333,301.19166666666666,2.693333333333328,100.72236666666667,0.0641999999999995,4.514555555555556,0.8611859903381642,3.646290322580645,-0.180430988894765,4.342741935483871,-0.0446351136964571,-0.6964516129032258,20.6840625,4.630645161290323,0.5868746694870444,-0.0906497381718104,0,0,0,0,0,0,0,0,0,0,0,0,0,0,0,0,0,0
2023-04-01,0,27530.055,313.6100000000006,3.533333333333333,303.4243333333333,2.2326666666666597,100.76706666666666,0.0446999999999917,4.988131868131869,0.4735763125763128,3.5957142857142856,-0.0505760368663592,4.264285714285714,-0.0784562211981567,-0.6685714285714285,16.44125,5.076031746031746,0.4453865847414233,-0.2818797361719739,0,0,0,0,0,0,0,0,0,0,0,0,0,0,0,0,0,0
2023-07-01,0,28074.846,544.7910000000011,3.6666666666666665,306.0423333333333,2.617999999999995,100.92236666666668,0.1553000000000111,5.259239130434783,0.2711072623029142,4.14968253968254,0.5539682539682542,4.916666666666667,0.6523809523809527,-0.766984126984127,15.01323076923077,5.2903174603174605,0.2142857142857144,-0.0315275404875295,0,0,0,0,0,0,0,0,0,0,0,0,0,0,0,0,0,0
2023-10-01,0,28424.722,349.8760000000002,3.8,308.15833333333336,2.1160000000000423,100.6453,-0.2770666666666699,5.33,0.0707608695652171,4.4470967741935485,0.2974142345110087,4.807903225806451,-0.1087634408602156,-0.3608064516129032,15.28625,5.282903225806452,-0.0074142345110086,0.0345581785893401,0,0,0,0,0,0,0,0,0,0,0,0,0,0,0,0,0,0
2024-01-01,0,28708.161,283.4389999999985,3.8333333333333335,310.97433333333333,2.815999999999974,99.98826666666666,-0.6570333333333451,5.33,0.0,4.15639344262295,-0.2907033315705982,4.482295081967213,-0.3256081438392382,-0.3259016393442623,13.712539682539685,5.233934426229508,-0.0489687995769436,0.1316845158503933,0,0,0,0,0,0,0,0,0,0,0,0,0,0,0,0,0,0
2024-04-01,0,29147.044,438.8830000000016,4.0,313.09566666666666,2.1213333333333253,100.6668,0.6785333333333483,5.33,0.0,4.448730158730158,0.2923367161072079,4.826190476190477,0.3438953942232636,-0.3774603174603175,13.980307692307692,5.246190476190476,0.0122560499609676,0.0875279400907047,0,0,0,0,0,0,0,0,0,0,0,0,0,0,0,0,0,0
2024-07-01,0,29511.664,364.619999999999,4.166666666666667,314.18266666666665,1.086999999999989,100.07166666666669,-0.5951333333333366,5.264782608695652,-0.0652173913043476,3.9546875,-0.4940426587301583,4.040625,-0.7855654761904765,-0.0859375,17.066666666666666,4.99796875,-0.2482217261904757,0.0695657022044305,0,0,0,0,0,0,0,0,0,0,0,0,0,0,0,0,0,0
2024-10-01,0,29825.182,313.51800000000003,4.133333333333333,316.53866666666664,2.3559999999999945,99.69643333333332,-0.3752333333333411,4.647934782608695,-0.616847826086957,4.275483870967742,0.3207963709677419,4.145483870967742,0.1048588709677416,0.13,17.363230769230768,4.400967741935484,-0.5970010080645158,0.1937114964846683,0,0,0,0,0,0,0,0,0,0,0,0,0,0,0,0,0,0
2025-01-01,0,30042.113,216.9310000000005,4.1000000000000005,319.492,2.953333333333376,100.7348,1.0383666666666755,4.33,-0.3179347826086953,4.453606557377049,0.1781226864093072,4.148688524590164,0.0032046536224221,0.3049180327868853,18.52111111111111,4.2081967213114755,-0.1927710206240087,0.0441189200979554,0,0,0,0,0,0,0,0,0,0,0,0,0,0,0,0,0,0
2025-04-01,0,30485.729,443.61599999999817,4.166666666666667,320.80033333333336,1.3083333333333371,101.19063333333334,0.4558333333333308,4.33,0.0,4.361774193548388,-0.0918323638286615,3.861774193548387,-0.286914331041777,0.5,23.56140625,4.229838709677419,0.0216419883659435,-0.0921242964136731,0,0,0,0,0,0,0,0,0,0,0,0,0,0,0,0,0,0
